1,2,3,4,5,6,7,8
20051109_57451_0400_PP.jpg,399,495,/home/synrg/Documents/Sohrab/optic-disk-localization/dataset/Base31/20051109_57451_0400_PP.jpg,286,27,1199,932
20051109_57843_0400_PP.jpg,1013,517,/home/synrg/Documents/Sohrab/optic-disk-localization/dataset/Base31/20051109_57843_0400_PP.jpg,287,27,1199,932
20051109_59582_0400_PP.jpg,1002,520,/home/synrg/Documents/Sohrab/optic-disk-localization/dataset/Base31/20051109_59582_0400_PP.jpg,286,27,1198,932
20051214_57260_0100_PP.jpg,819,617,/home/synrg/Documents/Sohrab/optic-disk-localization/dataset/Base13/Base13/20051214_57260_0100_PP.jpg,428,55,1805,1431
20051214_57377_0100_PP.jpg,1572,784,/home/synrg/Documents/Sohrab/optic-disk-localization/dataset/Base13/Base13/20051214_57377_0100_PP.jpg,421,59,1800,1438
20051214_57404_0100_PP.jpg,757,718,/home/synrg/Documents/Sohrab/optic-disk-localization/dataset/Base13/Base13/20051214_57404_0100_PP.jpg,312,59,1800,1438
20051214_57761_0100_PP.jpg,1400,709,/home/synrg/Documents/Sohrab/optic-disk-localization/dataset/Base13/Base13/20051214_57761_0100_PP.jpg,426,47,1808,1429
20051214_57817_0100_PP.jpg,859,678,/home/synrg/Documents/Sohrab/optic-disk-localization/dataset/Base13/Base13/20051214_57817_0100_PP.jpg,111,47,1807,1429
20051214_57940_0100_PP.jpg,859,780,/home/synrg/Documents/Sohrab/optic-disk-localization/dataset/Base13/Base13/20051214_57940_0100_PP.jpg,420,59,1800,1438
20051216_43814_0200_PP.jpg,954,492,/home/synrg/Documents/Sohrab/optic-disk-localization/dataset/Base21/20051216_43814_0200_PP.jpg,4,46,1353,946
20051216_43913_0200_PP.jpg,510,469,/home/synrg/Documents/Sohrab/optic-disk-localization/dataset/Base21/20051216_43913_0200_PP.jpg,4,45,1353,946
20051216_44066_0200_PP.jpg,968,458,/home/synrg/Documents/Sohrab/optic-disk-localization/dataset/Base21/20051216_44066_0200_PP.jpg,4,46,1354,946
20051216_44092_0200_PP.jpg,416,608,/home/synrg/Documents/Sohrab/optic-disk-localization/dataset/Base21/20051216_44092_0200_PP.jpg,4,46,1354,946
20051216_44221_0200_PP.jpg,951,503,/home/synrg/Documents/Sohrab/optic-disk-localization/dataset/Base21/20051216_44221_0200_PP.jpg,4,45,1439,946
20051216_44252_0200_PP.jpg,484,461,/home/synrg/Documents/Sohrab/optic-disk-localization/dataset/Base21/20051216_44252_0200_PP.jpg,4,45,1354,946
20051216_44398_0200_PP.jpg,945,503,/home/synrg/Documents/Sohrab/optic-disk-localization/dataset/Base21/20051216_44398_0200_PP.jpg,4,46,1439,946
20051216_44420_0200_PP.jpg,490,478,/home/synrg/Documents/Sohrab/optic-disk-localization/dataset/Base21/20051216_44420_0200_PP.jpg,4,46,1353,946
20051216_44635_0200_PP.jpg,1030,503,/home/synrg/Documents/Sohrab/optic-disk-localization/dataset/Base21/20051216_44635_0200_PP.jpg,4,46,1353,946
20051216_44660_0200_PP.jpg,487,483,/home/synrg/Documents/Sohrab/optic-disk-localization/dataset/Base21/20051216_44660_0200_PP.jpg,4,46,1353,946
20051216_44811_0200_PP.jpg,920,466,/home/synrg/Documents/Sohrab/optic-disk-localization/dataset/Base21/20051216_44811_0200_PP.jpg,4,46,1439,946
20051216_44832_0200_PP.jpg,501,441,/home/synrg/Documents/Sohrab/optic-disk-localization/dataset/Base21/20051216_44832_0200_PP.jpg,4,46,1439,946
20051216_44939_0200_PP.jpg,928,478,/home/synrg/Documents/Sohrab/optic-disk-localization/dataset/Base21/20051216_44939_0200_PP.jpg,4,46,1353,947
20051216_44961_0200_PP.jpg,513,472,/home/synrg/Documents/Sohrab/optic-disk-localization/dataset/Base21/20051216_44961_0200_PP.jpg,4,46,1438,946
20051216_45076_0200_PP.jpg,960,495,/home/synrg/Documents/Sohrab/optic-disk-localization/dataset/Base21/20051216_45076_0200_PP.jpg,4,46,1353,946
20051216_45100_0200_PP.jpg,507,466,/home/synrg/Documents/Sohrab/optic-disk-localization/dataset/Base21/20051216_45100_0200_PP.jpg,4,46,1439,946
20051216_45226_0200_PP.jpg,948,486,/home/synrg/Documents/Sohrab/optic-disk-localization/dataset/Base21/20051216_45226_0200_PP.jpg,4,46,1354,946
20051216_45245_0200_PP.jpg,382,554,/home/synrg/Documents/Sohrab/optic-disk-localization/dataset/Base21/20051216_45245_0200_PP.jpg,4,46,1353,946
20051216_45351_0200_PP.jpg,974,497,/home/synrg/Documents/Sohrab/optic-disk-localization/dataset/Base21/20051216_45351_0200_PP.jpg,4,46,1353,946
20051216_45375_0200_PP.jpg,496,466,/home/synrg/Documents/Sohrab/optic-disk-localization/dataset/Base21/20051216_45375_0200_PP.jpg,4,46,1353,946
20051216_45478_0200_PP.jpg,914,489,/home/synrg/Documents/Sohrab/optic-disk-localization/dataset/Base21/20051216_45478_0200_PP.jpg,4,45,1354,946
20051216_45499_0200_PP.jpg,532,486,/home/synrg/Documents/Sohrab/optic-disk-localization/dataset/Base21/20051216_45499_0200_PP.jpg,4,45,1353,946
20051216_45595_0200_PP.jpg,923,458,/home/synrg/Documents/Sohrab/optic-disk-localization/dataset/Base21/20051216_45595_0200_PP.jpg,4,46,1354,946
20051216_45619_0200_PP.jpg,507,481,/home/synrg/Documents/Sohrab/optic-disk-localization/dataset/Base21/20051216_45619_0200_PP.jpg,4,46,1353,946
20051216_45757_0200_PP.jpg,962,472,/home/synrg/Documents/Sohrab/optic-disk-localization/dataset/Base21/20051216_45757_0200_PP.jpg,4,45,1353,946
20051216_45781_0200_PP.jpg,479,461,/home/synrg/Documents/Sohrab/optic-disk-localization/dataset/Base21/20051216_45781_0200_PP.jpg,4,45,1422,946
20051216_45873_0200_PP.jpg,926,466,/home/synrg/Documents/Sohrab/optic-disk-localization/dataset/Base21/20051216_45873_0200_PP.jpg,4,46,1353,946
20051216_45899_0200_PP.jpg,507,492,/home/synrg/Documents/Sohrab/optic-disk-localization/dataset/Base21/20051216_45899_0200_PP.jpg,4,46,1354,946
20051216_45992_0200_PP.jpg,948,458,/home/synrg/Documents/Sohrab/optic-disk-localization/dataset/Base21/20051216_45992_0200_PP.jpg,4,45,1354,946
20051216_46018_0200_PP.jpg,490,410,/home/synrg/Documents/Sohrab/optic-disk-localization/dataset/Base21/20051216_46018_0200_PP.jpg,4,45,1353,946
20051216_46156_0200_PP.jpg,948,497,/home/synrg/Documents/Sohrab/optic-disk-localization/dataset/Base21/20051216_46156_0200_PP.jpg,4,45,1439,946
20051216_46183_0200_PP.jpg,476,492,/home/synrg/Documents/Sohrab/optic-disk-localization/dataset/Base21/20051216_46183_0200_PP.jpg,4,45,1353,946
20051216_46624_0200_PP.jpg,926,489,/home/synrg/Documents/Sohrab/optic-disk-localization/dataset/Base21/20051216_46624_0200_PP.jpg,4,45,1353,946
20051216_46660_0200_PP.jpg,510,461,/home/synrg/Documents/Sohrab/optic-disk-localization/dataset/Base21/20051216_46660_0200_PP.jpg,4,45,1354,946
20051216_46827_0200_PP.jpg,943,478,/home/synrg/Documents/Sohrab/optic-disk-localization/dataset/Base21/20051216_46827_0200_PP.jpg,4,46,1354,946
20051216_46847_0200_PP.jpg,470,481,/home/synrg/Documents/Sohrab/optic-disk-localization/dataset/Base21/20051216_46847_0200_PP.jpg,4,46,1438,946
20051216_47000_0200_PP.jpg,985,466,/home/synrg/Documents/Sohrab/optic-disk-localization/dataset/Base21/20051216_47000_0200_PP.jpg,4,44,1353,945
20051216_47024_0200_PP.jpg,453,472,/home/synrg/Documents/Sohrab/optic-disk-localization/dataset/Base21/20051216_47024_0200_PP.jpg,4,44,1353,944
20051216_47383_0200_PP.jpg,911,483,/home/synrg/Documents/Sohrab/optic-disk-localization/dataset/Base21/20051216_47383_0200_PP.jpg,4,46,1439,946
20051216_47420_0200_PP.jpg,530,489,/home/synrg/Documents/Sohrab/optic-disk-localization/dataset/Base21/20051216_47420_0200_PP.jpg,4,46,1353,946
20051216_47514_0200_PP.jpg,951,497,/home/synrg/Documents/Sohrab/optic-disk-localization/dataset/Base21/20051216_47514_0200_PP.jpg,4,46,1439,946
20051216_47536_0200_PP.jpg,476,506,/home/synrg/Documents/Sohrab/optic-disk-localization/dataset/Base21/20051216_47536_0200_PP.jpg,4,45,1353,946
20051216_47668_0200_PP.jpg,1109,500,/home/synrg/Documents/Sohrab/optic-disk-localization/dataset/Base21/20051216_47668_0200_PP.jpg,4,45,1439,946
20051216_47703_0200_PP.jpg,447,469,/home/synrg/Documents/Sohrab/optic-disk-localization/dataset/Base21/20051216_47703_0200_PP.jpg,4,45,1439,946
20060119_41191_0200_PP.jpg,510,500,/home/synrg/Documents/Sohrab/optic-disk-localization/dataset/Base21/20060119_41191_0200_PP.jpg,4,46,1353,946
20060407_38711_0200_PP.jpg,945,475,/home/synrg/Documents/Sohrab/optic-disk-localization/dataset/Base21/20060407_38711_0200_PP.jpg,4,44,1439,944
20060407_38970_0200_PP.jpg,490,492,/home/synrg/Documents/Sohrab/optic-disk-localization/dataset/Base21/20060407_38970_0200_PP.jpg,4,44,1354,944
20060407_39155_0200_PP.jpg,931,554,/home/synrg/Documents/Sohrab/optic-disk-localization/dataset/Base21/20060407_39155_0200_PP.jpg,4,46,1353,946
20060407_39184_0200_PP.jpg,484,489,/home/synrg/Documents/Sohrab/optic-disk-localization/dataset/Base21/20060407_39184_0200_PP.jpg,4,46,1353,945
20060407_39306_0200_PP.jpg,917,495,/home/synrg/Documents/Sohrab/optic-disk-localization/dataset/Base21/20060407_39306_0200_PP.jpg,4,44,1353,944
20060407_39328_0200_PP.jpg,501,475,/home/synrg/Documents/Sohrab/optic-disk-localization/dataset/Base21/20060407_39328_0200_PP.jpg,4,44,1354,944
20060407_39402_0200_PP.jpg,965,497,/home/synrg/Documents/Sohrab/optic-disk-localization/dataset/Base21/20060407_39402_0200_PP.jpg,4,46,1439,946
20060407_39435_0200_PP.jpg,476,444,/home/synrg/Documents/Sohrab/optic-disk-localization/dataset/Base21/20060407_39435_0200_PP.jpg,4,45,1439,946
20060407_39546_0200_PP.jpg,965,497,/home/synrg/Documents/Sohrab/optic-disk-localization/dataset/Base21/20060407_39546_0200_PP.jpg,4,46,1422,946
20060407_39567_0200_PP.jpg,487,500,/home/synrg/Documents/Sohrab/optic-disk-localization/dataset/Base21/20060407_39567_0200_PP.jpg,4,46,1422,946
20060407_39667_0200_PP.jpg,934,478,/home/synrg/Documents/Sohrab/optic-disk-localization/dataset/Base21/20060407_39667_0200_PP.jpg,4,45,1353,946
20060407_39687_0200_PP.jpg,496,503,/home/synrg/Documents/Sohrab/optic-disk-localization/dataset/Base21/20060407_39687_0200_PP.jpg,4,45,1353,946
20060407_39761_0200_PP.jpg,968,483,/home/synrg/Documents/Sohrab/optic-disk-localization/dataset/Base21/20060407_39761_0200_PP.jpg,4,45,1353,946
20060407_39780_0200_PP.jpg,447,461,/home/synrg/Documents/Sohrab/optic-disk-localization/dataset/Base21/20060407_39780_0200_PP.jpg,4,46,1353,946
20060407_40582_0200_PP.jpg,945,461,/home/synrg/Documents/Sohrab/optic-disk-localization/dataset/Base21/20060407_40582_0200_PP.jpg,4,46,1353,946
20060407_40624_0200_PP.jpg,439,418,/home/synrg/Documents/Sohrab/optic-disk-localization/dataset/Base21/20060407_40624_0200_PP.jpg,4,46,1353,947
20060407_40740_0200_PP.jpg,943,464,/home/synrg/Documents/Sohrab/optic-disk-localization/dataset/Base21/20060407_40740_0200_PP.jpg,4,46,1353,946
20060407_40761_0200_PP.jpg,507,478,/home/synrg/Documents/Sohrab/optic-disk-localization/dataset/Base21/20060407_40761_0200_PP.jpg,4,46,1353,946
20060407_40937_0200_PP.jpg,911,455,/home/synrg/Documents/Sohrab/optic-disk-localization/dataset/Base21/20060407_40937_0200_PP.jpg,4,46,1353,947
20060407_40957_0200_PP.jpg,496,466,/home/synrg/Documents/Sohrab/optic-disk-localization/dataset/Base21/20060407_40957_0200_PP.jpg,4,46,1353,947
20060407_41149_0200_PP.jpg,940,495,/home/synrg/Documents/Sohrab/optic-disk-localization/dataset/Base21/20060407_41149_0200_PP.jpg,4,45,1371,945
20060407_41177_0200_PP.jpg,501,483,/home/synrg/Documents/Sohrab/optic-disk-localization/dataset/Base21/20060407_41177_0200_PP.jpg,4,45,1353,945
20060407_41312_0200_PP.jpg,951,534,/home/synrg/Documents/Sohrab/optic-disk-localization/dataset/Base21/20060407_41312_0200_PP.jpg,4,46,1439,946
20060407_41330_0200_PP.jpg,479,481,/home/synrg/Documents/Sohrab/optic-disk-localization/dataset/Base21/20060407_41330_0200_PP.jpg,4,45,1354,946
20060407_41809_0200_PP.jpg,957,455,/home/synrg/Documents/Sohrab/optic-disk-localization/dataset/Base21/20060407_41809_0200_PP.jpg,4,46,1353,946
20060407_41831_0200_PP.jpg,481,486,/home/synrg/Documents/Sohrab/optic-disk-localization/dataset/Base21/20060407_41831_0200_PP.jpg,4,45,1353,946
20060407_41937_0200_PP.jpg,945,497,/home/synrg/Documents/Sohrab/optic-disk-localization/dataset/Base21/20060407_41937_0200_PP.jpg,4,45,1354,946
20060407_41980_0200_PP.jpg,490,503,/home/synrg/Documents/Sohrab/optic-disk-localization/dataset/Base21/20060407_41980_0200_PP.jpg,4,45,1354,946
20060407_42099_0200_PP.jpg,923,452,/home/synrg/Documents/Sohrab/optic-disk-localization/dataset/Base21/20060407_42099_0200_PP.jpg,4,45,1439,946
20060407_42133_0200_PP.jpg,496,447,/home/synrg/Documents/Sohrab/optic-disk-localization/dataset/Base21/20060407_42133_0200_PP.jpg,4,45,1354,946
20060407_42290_0200_PP.jpg,923,529,/home/synrg/Documents/Sohrab/optic-disk-localization/dataset/Base21/20060407_42290_0200_PP.jpg,4,46,1353,946
20060407_42308_0200_PP.jpg,394,486,/home/synrg/Documents/Sohrab/optic-disk-localization/dataset/Base21/20060407_42308_0200_PP.jpg,4,46,1353,945
20060407_43223_0200_PP.jpg,957,472,/home/synrg/Documents/Sohrab/optic-disk-localization/dataset/Base21/20060407_43223_0200_PP.jpg,4,46,1353,946
20060407_43258_0200_PP.jpg,481,517,/home/synrg/Documents/Sohrab/optic-disk-localization/dataset/Base21/20060407_43258_0200_PP.jpg,4,46,1353,946
20060407_43436_0200_PP.jpg,948,517,/home/synrg/Documents/Sohrab/optic-disk-localization/dataset/Base21/20060407_43436_0200_PP.jpg,4,45,1353,946
20060407_43460_0200_PP.jpg,498,455,/home/synrg/Documents/Sohrab/optic-disk-localization/dataset/Base21/20060407_43460_0200_PP.jpg,4,45,1353,945
20060407_43594_0200_PP.jpg,957,481,/home/synrg/Documents/Sohrab/optic-disk-localization/dataset/Base21/20060407_43594_0200_PP.jpg,4,46,1422,946
20060407_43618_0200_PP.jpg,501,500,/home/synrg/Documents/Sohrab/optic-disk-localization/dataset/Base21/20060407_43618_0200_PP.jpg,4,45,1422,946
20060407_43726_0200_PP.jpg,960,455,/home/synrg/Documents/Sohrab/optic-disk-localization/dataset/Base21/20060407_43726_0200_PP.jpg,4,45,1439,945
20060407_43746_0200_PP.jpg,481,418,/home/synrg/Documents/Sohrab/optic-disk-localization/dataset/Base21/20060407_43746_0200_PP.jpg,4,45,1438,945
20060407_43834_0200_PP.jpg,979,523,/home/synrg/Documents/Sohrab/optic-disk-localization/dataset/Base21/20060407_43834_0200_PP.jpg,4,45,1353,946
20060407_43856_0200_PP.jpg,507,469,/home/synrg/Documents/Sohrab/optic-disk-localization/dataset/Base21/20060407_43856_0200_PP.jpg,4,45,1353,946
20060407_44042_0200_PP.jpg,917,483,/home/synrg/Documents/Sohrab/optic-disk-localization/dataset/Base21/20060407_44042_0200_PP.jpg,4,45,1353,946
20060407_44061_0200_PP.jpg,527,447,/home/synrg/Documents/Sohrab/optic-disk-localization/dataset/Base21/20060407_44061_0200_PP.jpg,4,45,1353,945
20060407_44173_0200_PP.jpg,951,478,/home/synrg/Documents/Sohrab/optic-disk-localization/dataset/Base21/20060407_44173_0200_PP.jpg,4,45,1354,947
20060407_44192_0200_PP.jpg,490,466,/home/synrg/Documents/Sohrab/optic-disk-localization/dataset/Base21/20060407_44192_0200_PP.jpg,4,45,1354,946
20060407_44285_0200_PP.jpg,923,500,/home/synrg/Documents/Sohrab/optic-disk-localization/dataset/Base21/20060407_44285_0200_PP.jpg,4,46,1353,946
20060407_44304_0200_PP.jpg,513,481,/home/synrg/Documents/Sohrab/optic-disk-localization/dataset/Base21/20060407_44304_0200_PP.jpg,4,46,1353,946
20060407_44400_0200_PP.jpg,962,472,/home/synrg/Documents/Sohrab/optic-disk-localization/dataset/Base21/20060407_44400_0200_PP.jpg,4,45,1439,946
20060407_44422_0200_PP.jpg,462,483,/home/synrg/Documents/Sohrab/optic-disk-localization/dataset/Base21/20060407_44422_0200_PP.jpg,4,45,1353,945
20060407_44510_0200_PP.jpg,940,486,/home/synrg/Documents/Sohrab/optic-disk-localization/dataset/Base21/20060407_44510_0200_PP.jpg,4,45,1353,946
20060407_44529_0200_PP.jpg,479,441,/home/synrg/Documents/Sohrab/optic-disk-localization/dataset/Base21/20060407_44529_0200_PP.jpg,4,45,1354,945
20060407_44617_0200_PP.jpg,923,503,/home/synrg/Documents/Sohrab/optic-disk-localization/dataset/Base21/20060407_44617_0200_PP.jpg,4,46,1439,946
20060407_44636_0200_PP.jpg,515,492,/home/synrg/Documents/Sohrab/optic-disk-localization/dataset/Base21/20060407_44636_0200_PP.jpg,4,46,1438,946
20060407_44743_0200_PP.jpg,962,506,/home/synrg/Documents/Sohrab/optic-disk-localization/dataset/Base21/20060407_44743_0200_PP.jpg,4,46,1354,946
20060407_44766_0200_PP.jpg,467,483,/home/synrg/Documents/Sohrab/optic-disk-localization/dataset/Base22/20060407_44766_0200_PP.jpg,4,46,1353,946
20060407_44866_0200_PP.jpg,948,492,/home/synrg/Documents/Sohrab/optic-disk-localization/dataset/Base22/20060407_44866_0200_PP.jpg,4,46,1422,946
20060407_44889_0200_PP.jpg,501,469,/home/synrg/Documents/Sohrab/optic-disk-localization/dataset/Base22/20060407_44889_0200_PP.jpg,4,46,1353,946
20060407_45087_0200_PP.jpg,923,449,/home/synrg/Documents/Sohrab/optic-disk-localization/dataset/Base22/20060407_45087_0200_PP.jpg,4,46,1422,946
20060407_45107_0200_PP.jpg,479,509,/home/synrg/Documents/Sohrab/optic-disk-localization/dataset/Base22/20060407_45107_0200_PP.jpg,4,46,1353,946
20060407_45230_0200_PP.jpg,971,478,/home/synrg/Documents/Sohrab/optic-disk-localization/dataset/Base22/20060407_45230_0200_PP.jpg,4,46,1353,946
20060407_45247_0200_PP.jpg,462,478,/home/synrg/Documents/Sohrab/optic-disk-localization/dataset/Base22/20060407_45247_0200_PP.jpg,4,46,1353,946
20060407_45362_0200_PP.jpg,943,472,/home/synrg/Documents/Sohrab/optic-disk-localization/dataset/Base22/20060407_45362_0200_PP.jpg,4,46,1422,946
20060407_45379_0200_PP.jpg,498,483,/home/synrg/Documents/Sohrab/optic-disk-localization/dataset/Base22/20060407_45379_0200_PP.jpg,4,45,1353,946
20060407_45477_0200_PP.jpg,985,503,/home/synrg/Documents/Sohrab/optic-disk-localization/dataset/Base22/20060407_45477_0200_PP.jpg,4,46,1439,946
20060407_45494_0200_PP.jpg,453,449,/home/synrg/Documents/Sohrab/optic-disk-localization/dataset/Base22/20060407_45494_0200_PP.jpg,4,46,1353,946
20060407_45592_0200_PP.jpg,1064,546,/home/synrg/Documents/Sohrab/optic-disk-localization/dataset/Base22/20060407_45592_0200_PP.jpg,4,45,1353,945
20060407_45611_0200_PP.jpg,504,466,/home/synrg/Documents/Sohrab/optic-disk-localization/dataset/Base22/20060407_45611_0200_PP.jpg,4,45,1439,945
20060407_45718_0200_PP.jpg,937,466,/home/synrg/Documents/Sohrab/optic-disk-localization/dataset/Base22/20060407_45718_0200_PP.jpg,4,45,1353,946
20060407_45737_0200_PP.jpg,487,472,/home/synrg/Documents/Sohrab/optic-disk-localization/dataset/Base22/20060407_45737_0200_PP.jpg,4,45,1353,946
20060407_45834_0200_PP.jpg,965,500,/home/synrg/Documents/Sohrab/optic-disk-localization/dataset/Base22/20060407_45834_0200_PP.jpg,4,45,1353,946
20060407_45852_0200_PP.jpg,476,486,/home/synrg/Documents/Sohrab/optic-disk-localization/dataset/Base22/20060407_45852_0200_PP.jpg,4,46,1353,946
20060407_45932_0200_PP.jpg,954,489,/home/synrg/Documents/Sohrab/optic-disk-localization/dataset/Base22/20060407_45932_0200_PP.jpg,4,46,1353,945
20060407_45949_0200_PP.jpg,453,489,/home/synrg/Documents/Sohrab/optic-disk-localization/dataset/Base22/20060407_45949_0200_PP.jpg,4,45,1354,945
20060407_46050_0200_PP.jpg,934,495,/home/synrg/Documents/Sohrab/optic-disk-localization/dataset/Base22/20060407_46050_0200_PP.jpg,4,46,1354,946
20060407_46070_0200_PP.jpg,479,489,/home/synrg/Documents/Sohrab/optic-disk-localization/dataset/Base22/20060407_46070_0200_PP.jpg,4,46,1353,946
20060407_46235_0200_PP.jpg,943,407,/home/synrg/Documents/Sohrab/optic-disk-localization/dataset/Base22/20060407_46235_0200_PP.jpg,4,45,1353,945
20060407_46257_0200_PP.jpg,493,517,/home/synrg/Documents/Sohrab/optic-disk-localization/dataset/Base22/20060407_46257_0200_PP.jpg,4,45,1353,945
20060407_46394_0200_PP.jpg,911,461,/home/synrg/Documents/Sohrab/optic-disk-localization/dataset/Base22/20060407_46394_0200_PP.jpg,4,46,1353,946
20060407_46422_0200_PP.jpg,487,458,/home/synrg/Documents/Sohrab/optic-disk-localization/dataset/Base22/20060407_46422_0200_PP.jpg,4,45,1353,946
20060410_39047_0200_PP.jpg,985,469,/home/synrg/Documents/Sohrab/optic-disk-localization/dataset/Base22/20060410_39047_0200_PP.jpg,4,50,1438,950
20060410_39075_0200_PP.jpg,456,447,/home/synrg/Documents/Sohrab/optic-disk-localization/dataset/Base22/20060410_39075_0200_PP.jpg,4,50,1354,950
20060410_39203_0200_PP.jpg,948,447,/home/synrg/Documents/Sohrab/optic-disk-localization/dataset/Base22/20060410_39203_0200_PP.jpg,4,44,1439,944
20060410_39229_0200_PP.jpg,481,472,/home/synrg/Documents/Sohrab/optic-disk-localization/dataset/Base22/20060410_39229_0200_PP.jpg,4,44,1353,944
20060410_39334_0200_PP.jpg,931,492,/home/synrg/Documents/Sohrab/optic-disk-localization/dataset/Base22/20060410_39334_0200_PP.jpg,4,44,1353,944
20060410_39355_0200_PP.jpg,493,430,/home/synrg/Documents/Sohrab/optic-disk-localization/dataset/Base22/20060410_39355_0200_PP.jpg,4,44,1353,944
20060410_39476_0200_PP.jpg,968,475,/home/synrg/Documents/Sohrab/optic-disk-localization/dataset/Base22/20060410_39476_0200_PP.jpg,4,45,1438,946
20060410_39500_0200_PP.jpg,445,486,/home/synrg/Documents/Sohrab/optic-disk-localization/dataset/Base22/20060410_39500_0200_PP.jpg,4,45,1438,946
20060410_39586_0200_PP.jpg,926,495,/home/synrg/Documents/Sohrab/optic-disk-localization/dataset/Base22/20060410_39586_0200_PP.jpg,4,50,1353,950
20060410_39606_0200_PP.jpg,371,449,/home/synrg/Documents/Sohrab/optic-disk-localization/dataset/Base22/20060410_39606_0200_PP.jpg,4,50,1439,951
20060410_39695_0200_PP.jpg,945,497,/home/synrg/Documents/Sohrab/optic-disk-localization/dataset/Base22/20060410_39695_0200_PP.jpg,4,45,1422,946
20060410_39726_0200_PP.jpg,507,398,/home/synrg/Documents/Sohrab/optic-disk-localization/dataset/Base22/20060410_39726_0200_PP.jpg,4,45,1439,946
20060410_39859_0200_PP.jpg,931,483,/home/synrg/Documents/Sohrab/optic-disk-localization/dataset/Base22/20060410_39859_0200_PP.jpg,4,49,1440,950
20060410_39879_0200_PP.jpg,513,514,/home/synrg/Documents/Sohrab/optic-disk-localization/dataset/Base22/20060410_39879_0200_PP.jpg,4,49,1354,950
20060410_39976_0200_PP.jpg,934,469,/home/synrg/Documents/Sohrab/optic-disk-localization/dataset/Base22/20060410_39976_0200_PP.jpg,183,49,1353,952
20060410_39994_0200_PP.jpg,510,466,/home/synrg/Documents/Sohrab/optic-disk-localization/dataset/Base22/20060410_39994_0200_PP.jpg,182,50,1240,951
20060410_40146_0200_PP.jpg,951,503,/home/synrg/Documents/Sohrab/optic-disk-localization/dataset/Base22/20060410_40146_0200_PP.jpg,4,50,1353,950
20060410_40165_0200_PP.jpg,504,506,/home/synrg/Documents/Sohrab/optic-disk-localization/dataset/Base22/20060410_40165_0200_PP.jpg,4,50,1353,950
20060410_40254_0200_PP.jpg,940,469,/home/synrg/Documents/Sohrab/optic-disk-localization/dataset/Base22/20060410_40254_0200_PP.jpg,4,46,1422,946
20060410_40274_0200_PP.jpg,498,469,/home/synrg/Documents/Sohrab/optic-disk-localization/dataset/Base22/20060410_40274_0200_PP.jpg,4,46,1353,946
20060410_40381_0200_PP.jpg,982,432,/home/synrg/Documents/Sohrab/optic-disk-localization/dataset/Base22/20060410_40381_0200_PP.jpg,4,50,1353,950
20060410_40403_0200_PP.jpg,385,514,/home/synrg/Documents/Sohrab/optic-disk-localization/dataset/Base22/20060410_40403_0200_PP.jpg,4,50,1353,950
20060410_40481_0200_PP.jpg,923,495,/home/synrg/Documents/Sohrab/optic-disk-localization/dataset/Base22/20060410_40481_0200_PP.jpg,4,50,1353,950
20060410_40499_0200_PP.jpg,481,523,/home/synrg/Documents/Sohrab/optic-disk-localization/dataset/Base22/20060410_40499_0200_PP.jpg,4,50,1354,950
20060410_40605_0200_PP.jpg,1056,464,/home/synrg/Documents/Sohrab/optic-disk-localization/dataset/Base22/20060410_40605_0200_PP.jpg,4,50,1439,950
20060410_40633_0200_PP.jpg,481,500,/home/synrg/Documents/Sohrab/optic-disk-localization/dataset/Base22/20060410_40633_0200_PP.jpg,4,50,1354,950
20060410_40830_0200_PP.jpg,979,489,/home/synrg/Documents/Sohrab/optic-disk-localization/dataset/Base22/20060410_40830_0200_PP.jpg,182,50,1353,951
20060410_40846_0200_PP.jpg,459,495,/home/synrg/Documents/Sohrab/optic-disk-localization/dataset/Base22/20060410_40846_0200_PP.jpg,182,50,1353,951
20060410_40953_0200_PP.jpg,954,469,/home/synrg/Documents/Sohrab/optic-disk-localization/dataset/Base22/20060410_40953_0200_PP.jpg,4,46,1439,946
20060410_40979_0200_PP.jpg,507,458,/home/synrg/Documents/Sohrab/optic-disk-localization/dataset/Base22/20060410_40979_0200_PP.jpg,4,45,1354,946
20060410_41077_0200_PP.jpg,943,475,/home/synrg/Documents/Sohrab/optic-disk-localization/dataset/Base22/20060410_41077_0200_PP.jpg,4,44,1354,944
20060410_41098_0200_PP.jpg,490,492,/home/synrg/Documents/Sohrab/optic-disk-localization/dataset/Base22/20060410_41098_0200_PP.jpg,4,44,1354,944
20060410_41191_0200_PP.jpg,931,469,/home/synrg/Documents/Sohrab/optic-disk-localization/dataset/Base22/20060410_41191_0200_PP.jpg,4,44,1438,944
20060410_41209_0200_PP.jpg,481,464,/home/synrg/Documents/Sohrab/optic-disk-localization/dataset/Base22/20060410_41209_0200_PP.jpg,4,44,1354,944
20060410_41330_0200_PP.jpg,1098,455,/home/synrg/Documents/Sohrab/optic-disk-localization/dataset/Base22/20060410_41330_0200_PP.jpg,4,50,1354,951
20060410_41356_0200_PP.jpg,445,481,/home/synrg/Documents/Sohrab/optic-disk-localization/dataset/Base22/20060410_41356_0200_PP.jpg,4,49,1354,951
20060410_41603_0200_PP.jpg,943,483,/home/synrg/Documents/Sohrab/optic-disk-localization/dataset/Base22/20060410_41603_0200_PP.jpg,4,50,1354,950
20060410_41626_0200_PP.jpg,476,483,/home/synrg/Documents/Sohrab/optic-disk-localization/dataset/Base22/20060410_41626_0200_PP.jpg,4,50,1439,950
20060410_41747_0200_PP.jpg,937,517,/home/synrg/Documents/Sohrab/optic-disk-localization/dataset/Base22/20060410_41747_0200_PP.jpg,4,50,1353,950
20060410_41767_0200_PP.jpg,476,486,/home/synrg/Documents/Sohrab/optic-disk-localization/dataset/Base22/20060410_41767_0200_PP.jpg,4,50,1422,950
20060410_41880_0200_PP.jpg,968,481,/home/synrg/Documents/Sohrab/optic-disk-localization/dataset/Base22/20060410_41880_0200_PP.jpg,4,50,1422,950
20060410_41901_0200_PP.jpg,464,495,/home/synrg/Documents/Sohrab/optic-disk-localization/dataset/Base22/20060410_41901_0200_PP.jpg,4,50,1354,950
20060410_43675_0200_PP.jpg,965,478,/home/synrg/Documents/Sohrab/optic-disk-localization/dataset/Base22/20060410_43675_0200_PP.jpg,4,44,1353,944
20060410_43698_0200_PP.jpg,479,464,/home/synrg/Documents/Sohrab/optic-disk-localization/dataset/Base22/20060410_43698_0200_PP.jpg,4,44,1354,944
20060410_43847_0200_PP.jpg,957,520,/home/synrg/Documents/Sohrab/optic-disk-localization/dataset/Base22/20060410_43847_0200_PP.jpg,4,46,1353,946
20060410_43868_0200_PP.jpg,481,481,/home/synrg/Documents/Sohrab/optic-disk-localization/dataset/Base22/20060410_43868_0200_PP.jpg,4,45,1353,946
20060410_43959_0200_PP.jpg,968,438,/home/synrg/Documents/Sohrab/optic-disk-localization/dataset/Base22/20060410_43959_0200_PP.jpg,4,46,1422,946
20060410_43979_0200_PP.jpg,450,469,/home/synrg/Documents/Sohrab/optic-disk-localization/dataset/Base22/20060410_43979_0200_PP.jpg,4,46,1422,946
20060410_44106_0200_PP.jpg,934,458,/home/synrg/Documents/Sohrab/optic-disk-localization/dataset/Base22/20060410_44106_0200_PP.jpg,4,50,1353,950
20060410_44124_0200_PP.jpg,473,512,/home/synrg/Documents/Sohrab/optic-disk-localization/dataset/Base22/20060410_44124_0200_PP.jpg,4,50,1353,950
20060410_44224_0200_PP.jpg,960,466,/home/synrg/Documents/Sohrab/optic-disk-localization/dataset/Base22/20060410_44224_0200_PP.jpg,4,50,1439,950
20060410_44248_0200_PP.jpg,476,509,/home/synrg/Documents/Sohrab/optic-disk-localization/dataset/Base22/20060410_44248_0200_PP.jpg,4,50,1353,950
20060410_44345_0200_PP.jpg,926,486,/home/synrg/Documents/Sohrab/optic-disk-localization/dataset/Base22/20060410_44345_0200_PP.jpg,4,50,1353,950
20060410_44364_0200_PP.jpg,467,503,/home/synrg/Documents/Sohrab/optic-disk-localization/dataset/Base22/20060410_44364_0200_PP.jpg,4,50,1353,950
20060410_44464_0200_PP.jpg,960,464,/home/synrg/Documents/Sohrab/optic-disk-localization/dataset/Base22/20060410_44464_0200_PP.jpg,4,44,1439,944
20060410_44504_0200_PP.jpg,450,475,/home/synrg/Documents/Sohrab/optic-disk-localization/dataset/Base22/20060410_44504_0200_PP.jpg,4,44,1438,944
20060410_44601_0200_PP.jpg,945,486,/home/synrg/Documents/Sohrab/optic-disk-localization/dataset/Base22/20060410_44601_0200_PP.jpg,4,46,1353,946
20060410_44623_0200_PP.jpg,496,478,/home/synrg/Documents/Sohrab/optic-disk-localization/dataset/Base22/20060410_44623_0200_PP.jpg,4,46,1353,946
20060410_44770_0200_PP.jpg,977,537,/home/synrg/Documents/Sohrab/optic-disk-localization/dataset/Base22/20060410_44770_0200_PP.jpg,4,50,1353,951
20060410_44802_0200_PP.jpg,467,464,/home/synrg/Documents/Sohrab/optic-disk-localization/dataset/Base22/20060410_44802_0200_PP.jpg,4,50,1354,951
20060410_44934_0200_PP.jpg,928,512,/home/synrg/Documents/Sohrab/optic-disk-localization/dataset/Base22/20060410_44934_0200_PP.jpg,4,50,1353,950
20060410_44953_0200_PP.jpg,515,503,/home/synrg/Documents/Sohrab/optic-disk-localization/dataset/Base22/20060410_44953_0200_PP.jpg,4,50,1440,950
20060410_45167_0200_PP.jpg,1022,483,/home/synrg/Documents/Sohrab/optic-disk-localization/dataset/Base22/20060410_45167_0200_PP.jpg,4,46,1354,946
20060410_45188_0200_PP.jpg,414,512,/home/synrg/Documents/Sohrab/optic-disk-localization/dataset/Base22/20060410_45188_0200_PP.jpg,4,46,1422,946
20060410_46874_0200_PP.jpg,943,449,/home/synrg/Documents/Sohrab/optic-disk-localization/dataset/Base22/20060410_46874_0200_PP.jpg,4,45,1353,946
20060410_46893_0200_PP.jpg,479,464,/home/synrg/Documents/Sohrab/optic-disk-localization/dataset/Base22/20060410_46893_0200_PP.jpg,4,45,1354,945
20060410_47016_0200_PP.jpg,931,486,/home/synrg/Documents/Sohrab/optic-disk-localization/dataset/Base22/20060410_47016_0200_PP.jpg,262,39,1284,940
20060410_47042_0200_PP.jpg,493,492,/home/synrg/Documents/Sohrab/optic-disk-localization/dataset/Base22/20060410_47042_0200_PP.jpg,261,39,1284,940
20060410_47166_0200_PP.jpg,928,506,/home/synrg/Documents/Sohrab/optic-disk-localization/dataset/Base22/20060410_47166_0200_PP.jpg,183,43,1259,943
20060410_47186_0200_PP.jpg,595,478,/home/synrg/Documents/Sohrab/optic-disk-localization/dataset/Base22/20060410_47186_0200_PP.jpg,182,43,1259,943
20060410_47331_0200_PP.jpg,920,472,/home/synrg/Documents/Sohrab/optic-disk-localization/dataset/Base22/20060410_47331_0200_PP.jpg,4,45,1353,946
20060410_47351_0200_PP.jpg,504,430,/home/synrg/Documents/Sohrab/optic-disk-localization/dataset/Base22/20060410_47351_0200_PP.jpg,4,45,1353,946
20060411_51958_0200_PP.jpg,934,509,/home/synrg/Documents/Sohrab/optic-disk-localization/dataset/Base22/20060411_51958_0200_PP.jpg,262,50,1284,950
20060411_51985_0200_PP.jpg,507,478,/home/synrg/Documents/Sohrab/optic-disk-localization/dataset/Base22/20060411_51985_0200_PP.jpg,262,50,1284,950
20060411_57853_0200_PP.jpg,827,517,/home/synrg/Documents/Sohrab/optic-disk-localization/dataset/Base22/20060411_57853_0200_PP.jpg,182,47,1259,947
20060411_57879_0200_PP.jpg,524,464,/home/synrg/Documents/Sohrab/optic-disk-localization/dataset/Base23/20060411_57879_0200_PP.jpg,182,47,1259,947
20060411_57962_0200_PP.jpg,943,478,/home/synrg/Documents/Sohrab/optic-disk-localization/dataset/Base23/20060411_57962_0200_PP.jpg,183,43,1259,943
20060411_57986_0200_PP.jpg,481,432,/home/synrg/Documents/Sohrab/optic-disk-localization/dataset/Base23/20060411_57986_0200_PP.jpg,183,43,1259,943
20060411_58051_0200_PP.jpg,1022,424,/home/synrg/Documents/Sohrab/optic-disk-localization/dataset/Base23/20060411_58051_0200_PP.jpg,262,51,1284,951
20060411_58071_0200_PP.jpg,518,481,/home/synrg/Documents/Sohrab/optic-disk-localization/dataset/Base23/20060411_58071_0200_PP.jpg,262,50,1284,951
20060411_58134_0200_PP.jpg,960,492,/home/synrg/Documents/Sohrab/optic-disk-localization/dataset/Base23/20060411_58134_0200_PP.jpg,4,45,1439,946
20060411_58155_0200_PP.jpg,504,512,/home/synrg/Documents/Sohrab/optic-disk-localization/dataset/Base23/20060411_58155_0200_PP.jpg,4,45,1439,947
20060411_58221_0200_PP.jpg,917,500,/home/synrg/Documents/Sohrab/optic-disk-localization/dataset/Base23/20060411_58221_0200_PP.jpg,4,46,1422,946
20060411_58238_0200_PP.jpg,518,478,/home/synrg/Documents/Sohrab/optic-disk-localization/dataset/Base23/20060411_58238_0200_PP.jpg,4,46,1354,946
20060411_58303_0200_PP.jpg,937,481,/home/synrg/Documents/Sohrab/optic-disk-localization/dataset/Base23/20060411_58303_0200_PP.jpg,182,45,1259,945
20060411_58328_0200_PP.jpg,467,503,/home/synrg/Documents/Sohrab/optic-disk-localization/dataset/Base23/20060411_58328_0200_PP.jpg,183,45,1259,945
20060411_58392_0200_PP.jpg,1036,475,/home/synrg/Documents/Sohrab/optic-disk-localization/dataset/Base23/20060411_58392_0200_PP.jpg,182,46,1259,946
20060411_58413_0200_PP.jpg,456,466,/home/synrg/Documents/Sohrab/optic-disk-localization/dataset/Base23/20060411_58413_0200_PP.jpg,182,46,1259,946
20060411_58469_0200_PP.jpg,920,461,/home/synrg/Documents/Sohrab/optic-disk-localization/dataset/Base23/20060411_58469_0200_PP.jpg,182,36,1259,936
20060411_58494_0200_PP.jpg,501,478,/home/synrg/Documents/Sohrab/optic-disk-localization/dataset/Base23/20060411_58494_0200_PP.jpg,182,36,1259,936
20060411_58550_0200_PP.jpg,965,475,/home/synrg/Documents/Sohrab/optic-disk-localization/dataset/Base23/20060411_58550_0200_PP.jpg,4,45,1354,946
20060411_58571_0200_PP.jpg,490,458,/home/synrg/Documents/Sohrab/optic-disk-localization/dataset/Base23/20060411_58571_0200_PP.jpg,4,46,1354,946
20060411_58624_0200_PP.jpg,934,495,/home/synrg/Documents/Sohrab/optic-disk-localization/dataset/Base23/20060411_58624_0200_PP.jpg,182,46,1259,947
20060411_58644_0200_PP.jpg,484,486,/home/synrg/Documents/Sohrab/optic-disk-localization/dataset/Base23/20060411_58644_0200_PP.jpg,182,46,1259,947
20060411_58718_0200_PP.jpg,931,461,/home/synrg/Documents/Sohrab/optic-disk-localization/dataset/Base23/20060411_58718_0200_PP.jpg,4,40,1440,950
20060411_58736_0200_PP.jpg,501,495,/home/synrg/Documents/Sohrab/optic-disk-localization/dataset/Base23/20060411_58736_0200_PP.jpg,4,40,1440,950
20060411_58808_0200_PP.jpg,965,489,/home/synrg/Documents/Sohrab/optic-disk-localization/dataset/Base23/20060411_58808_0200_PP.jpg,4,38,1353,939
20060411_58829_0200_PP.jpg,467,421,/home/synrg/Documents/Sohrab/optic-disk-localization/dataset/Base23/20060411_58829_0200_PP.jpg,4,38,1354,939
20060411_58891_0200_PP.jpg,951,449,/home/synrg/Documents/Sohrab/optic-disk-localization/dataset/Base23/20060411_58891_0200_PP.jpg,262,39,1284,940
20060411_58913_0200_PP.jpg,481,447,/home/synrg/Documents/Sohrab/optic-disk-localization/dataset/Base23/20060411_58913_0200_PP.jpg,262,39,1284,940
20060411_58971_0200_PP.jpg,909,495,/home/synrg/Documents/Sohrab/optic-disk-localization/dataset/Base23/20060411_58971_0200_PP.jpg,4,46,1354,946
20060411_58993_0200_PP.jpg,476,497,/home/synrg/Documents/Sohrab/optic-disk-localization/dataset/Base23/20060411_58993_0200_PP.jpg,4,46,1374,950
20060411_59062_0200_PP.jpg,920,509,/home/synrg/Documents/Sohrab/optic-disk-localization/dataset/Base23/20060411_59062_0200_PP.jpg,260,50,1284,951
20060411_59087_0200_PP.jpg,501,503,/home/synrg/Documents/Sohrab/optic-disk-localization/dataset/Base23/20060411_59087_0200_PP.jpg,260,50,1284,951
20060411_59176_0200_PP.jpg,945,500,/home/synrg/Documents/Sohrab/optic-disk-localization/dataset/Base23/20060411_59176_0200_PP.jpg,4,46,1439,946
20060411_59190_0200_PP.jpg,493,478,/home/synrg/Documents/Sohrab/optic-disk-localization/dataset/Base23/20060411_59190_0200_PP.jpg,4,46,1353,946
20060411_59549_0200_PP.jpg,951,540,/home/synrg/Documents/Sohrab/optic-disk-localization/dataset/Base23/20060411_59549_0200_PP.jpg,262,50,1284,951
20060411_59587_0200_PP.jpg,487,449,/home/synrg/Documents/Sohrab/optic-disk-localization/dataset/Base23/20060411_59587_0200_PP.jpg,263,50,1284,951
20060411_59638_0200_PP.jpg,914,483,/home/synrg/Documents/Sohrab/optic-disk-localization/dataset/Base23/20060411_59638_0200_PP.jpg,4,39,1439,950
20060411_59657_0200_PP.jpg,493,461,/home/synrg/Documents/Sohrab/optic-disk-localization/dataset/Base23/20060411_59657_0200_PP.jpg,4,39,1439,939
20060411_59728_0200_PP.jpg,962,529,/home/synrg/Documents/Sohrab/optic-disk-localization/dataset/Base23/20060411_59728_0200_PP.jpg,4,46,1439,946
20060411_59747_0200_PP.jpg,583,517,/home/synrg/Documents/Sohrab/optic-disk-localization/dataset/Base23/20060411_59747_0200_PP.jpg,4,45,1439,946
20060411_59812_0200_PP.jpg,897,432,/home/synrg/Documents/Sohrab/optic-disk-localization/dataset/Base23/20060411_59812_0200_PP.jpg,183,46,1259,948
20060411_59859_0200_PP.jpg,518,472,/home/synrg/Documents/Sohrab/optic-disk-localization/dataset/Base23/20060411_59859_0200_PP.jpg,183,46,1259,947
20060411_59919_0200_PP.jpg,934,458,/home/synrg/Documents/Sohrab/optic-disk-localization/dataset/Base23/20060411_59919_0200_PP.jpg,262,50,1284,951
20060411_59941_0200_PP.jpg,490,489,/home/synrg/Documents/Sohrab/optic-disk-localization/dataset/Base23/20060411_59941_0200_PP.jpg,262,50,1284,951
20060411_60009_0200_PP.jpg,948,495,/home/synrg/Documents/Sohrab/optic-disk-localization/dataset/Base23/20060411_60009_0200_PP.jpg,183,46,1259,947
20060411_60028_0200_PP.jpg,490,481,/home/synrg/Documents/Sohrab/optic-disk-localization/dataset/Base23/20060411_60028_0200_PP.jpg,183,47,1259,947
20060411_60263_0200_PP.jpg,914,455,/home/synrg/Documents/Sohrab/optic-disk-localization/dataset/Base23/20060411_60263_0200_PP.jpg,182,46,1353,947
20060411_60283_0200_PP.jpg,518,495,/home/synrg/Documents/Sohrab/optic-disk-localization/dataset/Base23/20060411_60283_0200_PP.jpg,182,46,1353,947
20060411_60347_0200_PP.jpg,960,492,/home/synrg/Documents/Sohrab/optic-disk-localization/dataset/Base23/20060411_60347_0200_PP.jpg,4,39,1439,939
20060411_60368_0200_PP.jpg,476,486,/home/synrg/Documents/Sohrab/optic-disk-localization/dataset/Base23/20060411_60368_0200_PP.jpg,4,39,1422,939
20060411_60426_0200_PP.jpg,974,520,/home/synrg/Documents/Sohrab/optic-disk-localization/dataset/Base23/20060411_60426_0200_PP.jpg,4,47,1371,947
20060411_60446_0200_PP.jpg,462,497,/home/synrg/Documents/Sohrab/optic-disk-localization/dataset/Base23/20060411_60446_0200_PP.jpg,4,48,1371,948
20060411_60511_0200_PP.jpg,977,475,/home/synrg/Documents/Sohrab/optic-disk-localization/dataset/Base23/20060411_60511_0200_PP.jpg,263,50,1284,951
20060411_60533_0200_PP.jpg,476,489,/home/synrg/Documents/Sohrab/optic-disk-localization/dataset/Base23/20060411_60533_0200_PP.jpg,262,50,1284,951
20060411_61029_0200_PP.jpg,928,458,/home/synrg/Documents/Sohrab/optic-disk-localization/dataset/Base23/20060411_61029_0200_PP.jpg,4,39,1439,950
20060411_61060_0200_PP.jpg,481,458,/home/synrg/Documents/Sohrab/optic-disk-localization/dataset/Base23/20060411_61060_0200_PP.jpg,4,39,1422,950
20060411_61196_0200_PP.jpg,928,481,/home/synrg/Documents/Sohrab/optic-disk-localization/dataset/Base23/20060411_61196_0200_PP.jpg,183,44,1168,944
20060411_61214_0200_PP.jpg,507,438,/home/synrg/Documents/Sohrab/optic-disk-localization/dataset/Base23/20060411_61214_0200_PP.jpg,183,44,1259,944
20060411_61402_0200_PP.jpg,934,461,/home/synrg/Documents/Sohrab/optic-disk-localization/dataset/Base23/20060411_61402_0200_PP.jpg,182,46,1259,946
20060411_61419_0200_PP.jpg,504,503,/home/synrg/Documents/Sohrab/optic-disk-localization/dataset/Base23/20060411_61419_0200_PP.jpg,182,46,1259,946
20060411_61478_0200_PP.jpg,965,478,/home/synrg/Documents/Sohrab/optic-disk-localization/dataset/Base23/20060411_61478_0200_PP.jpg,4,46,1353,946
20060411_61494_0200_PP.jpg,473,500,/home/synrg/Documents/Sohrab/optic-disk-localization/dataset/Base23/20060411_61494_0200_PP.jpg,4,46,1353,946
20060411_61548_0200_PP.jpg,940,481,/home/synrg/Documents/Sohrab/optic-disk-localization/dataset/Base23/20060411_61548_0200_PP.jpg,4,40,1440,950
20060411_61564_0200_PP.jpg,510,497,/home/synrg/Documents/Sohrab/optic-disk-localization/dataset/Base23/20060411_61564_0200_PP.jpg,4,39,1440,950
20060411_61624_0200_PP.jpg,971,497,/home/synrg/Documents/Sohrab/optic-disk-localization/dataset/Base23/20060411_61624_0200_PP.jpg,4,46,1439,947
20060411_61641_0200_PP.jpg,487,512,/home/synrg/Documents/Sohrab/optic-disk-localization/dataset/Base23/20060411_61641_0200_PP.jpg,4,46,1354,947
20060411_61687_0200_PP.jpg,909,478,/home/synrg/Documents/Sohrab/optic-disk-localization/dataset/Base23/20060411_61687_0200_PP.jpg,4,45,1354,946
20060411_61702_0200_PP.jpg,453,472,/home/synrg/Documents/Sohrab/optic-disk-localization/dataset/Base23/20060411_61702_0200_PP.jpg,4,45,1354,946
20060411_61781_0200_PP.jpg,951,517,/home/synrg/Documents/Sohrab/optic-disk-localization/dataset/Base23/20060411_61781_0200_PP.jpg,183,46,1163,946
20060411_61808_0200_PP.jpg,467,478,/home/synrg/Documents/Sohrab/optic-disk-localization/dataset/Base23/20060411_61808_0200_PP.jpg,183,46,1163,946
20060411_61869_0200_PP.jpg,971,469,/home/synrg/Documents/Sohrab/optic-disk-localization/dataset/Base23/20060411_61869_0200_PP.jpg,4,39,1354,939
20060411_61901_0200_PP.jpg,470,489,/home/synrg/Documents/Sohrab/optic-disk-localization/dataset/Base23/20060411_61901_0200_PP.jpg,4,39,1422,939
20060411_61952_0200_PP.jpg,945,481,/home/synrg/Documents/Sohrab/optic-disk-localization/dataset/Base23/20060411_61952_0200_PP.jpg,182,43,1353,944
20060411_61979_0200_PP.jpg,487,438,/home/synrg/Documents/Sohrab/optic-disk-localization/dataset/Base23/20060411_61979_0200_PP.jpg,4,43,1259,943
20060411_62036_0200_PP.jpg,937,483,/home/synrg/Documents/Sohrab/optic-disk-localization/dataset/Base23/20060411_62036_0200_PP.jpg,4,46,1438,946
20060411_62058_0200_PP.jpg,498,464,/home/synrg/Documents/Sohrab/optic-disk-localization/dataset/Base23/20060411_62058_0200_PP.jpg,4,46,1438,946
20060411_62142_0200_PP.jpg,968,495,/home/synrg/Documents/Sohrab/optic-disk-localization/dataset/Base23/20060411_62142_0200_PP.jpg,4,39,1353,939
20060411_62162_0200_PP.jpg,464,475,/home/synrg/Documents/Sohrab/optic-disk-localization/dataset/Base23/20060411_62162_0200_PP.jpg,4,38,1440,939
20060411_62228_0200_PP.jpg,940,540,/home/synrg/Documents/Sohrab/optic-disk-localization/dataset/Base23/20060411_62228_0200_PP.jpg,182,42,1259,942
20060411_62250_0200_PP.jpg,481,455,/home/synrg/Documents/Sohrab/optic-disk-localization/dataset/Base23/20060411_62250_0200_PP.jpg,183,42,1353,942
20060411_62298_0200_PP.jpg,968,472,/home/synrg/Documents/Sohrab/optic-disk-localization/dataset/Base23/20060411_62298_0200_PP.jpg,182,47,1259,947
20060411_62319_0200_PP.jpg,453,469,/home/synrg/Documents/Sohrab/optic-disk-localization/dataset/Base23/20060411_62319_0200_PP.jpg,182,47,1259,947
20060411_62373_0200_PP.jpg,931,455,/home/synrg/Documents/Sohrab/optic-disk-localization/dataset/Base23/20060411_62373_0200_PP.jpg,4,39,1422,939
20060411_62390_0200_PP.jpg,518,492,/home/synrg/Documents/Sohrab/optic-disk-localization/dataset/Base23/20060411_62390_0200_PP.jpg,4,39,1439,939
20060412_51656_0200_PP.jpg,1109,413,/home/synrg/Documents/Sohrab/optic-disk-localization/dataset/Base23/20060412_51656_0200_PP.jpg,4,46,1353,946
20060412_51677_0200_PP.jpg,306,432,/home/synrg/Documents/Sohrab/optic-disk-localization/dataset/Base23/20060412_51677_0200_PP.jpg,4,46,1353,946
20060412_51746_0200_PP.jpg,934,478,/home/synrg/Documents/Sohrab/optic-disk-localization/dataset/Base23/20060412_51746_0200_PP.jpg,4,46,1354,946
20060412_51775_0200_PP.jpg,501,495,/home/synrg/Documents/Sohrab/optic-disk-localization/dataset/Base23/20060412_51775_0200_PP.jpg,4,46,1353,946
20060412_51835_0200_PP.jpg,897,466,/home/synrg/Documents/Sohrab/optic-disk-localization/dataset/Base23/20060412_51835_0200_PP.jpg,4,40,1440,950
20060412_51860_0200_PP.jpg,493,466,/home/synrg/Documents/Sohrab/optic-disk-localization/dataset/Base23/20060412_51860_0200_PP.jpg,4,40,1439,951
20060412_51932_0200_PP.jpg,943,495,/home/synrg/Documents/Sohrab/optic-disk-localization/dataset/Base23/20060412_51932_0200_PP.jpg,4,46,1354,946
20060412_51952_0200_PP.jpg,496,483,/home/synrg/Documents/Sohrab/optic-disk-localization/dataset/Base23/20060412_51952_0200_PP.jpg,4,46,1422,946
20060412_52020_0200_PP.jpg,965,495,/home/synrg/Documents/Sohrab/optic-disk-localization/dataset/Base23/20060412_52020_0200_PP.jpg,4,40,1424,950
20060412_52038_0200_PP.jpg,456,489,/home/synrg/Documents/Sohrab/optic-disk-localization/dataset/Base23/20060412_52038_0200_PP.jpg,4,40,1439,950
20060412_52098_0200_PP.jpg,957,531,/home/synrg/Documents/Sohrab/optic-disk-localization/dataset/Base23/20060412_52098_0200_PP.jpg,183,47,1166,947
20060412_52122_0200_PP.jpg,504,497,/home/synrg/Documents/Sohrab/optic-disk-localization/dataset/Base23/20060412_52122_0200_PP.jpg,183,47,1166,947
20060412_52174_0200_PP.jpg,926,404,/home/synrg/Documents/Sohrab/optic-disk-localization/dataset/Base23/20060412_52174_0200_PP.jpg,4,39,1422,950
20060412_52194_0200_PP.jpg,496,415,/home/synrg/Documents/Sohrab/optic-disk-localization/dataset/Base23/20060412_52194_0200_PP.jpg,4,39,1439,939
20060412_52245_0200_PP.jpg,923,478,/home/synrg/Documents/Sohrab/optic-disk-localization/dataset/Base23/20060412_52245_0200_PP.jpg,261,39,1284,940
20060412_52271_0200_PP.jpg,515,497,/home/synrg/Documents/Sohrab/optic-disk-localization/dataset/Base23/20060412_52271_0200_PP.jpg,261,39,1284,940
20060412_52351_0200_PP.jpg,968,421,/home/synrg/Documents/Sohrab/optic-disk-localization/dataset/Base23/20060412_52351_0200_PP.jpg,262,50,1284,951
20060412_52371_0200_PP.jpg,439,475,/home/synrg/Documents/Sohrab/optic-disk-localization/dataset/Base23/20060412_52371_0200_PP.jpg,262,50,1284,951
20060412_52425_0200_PP.jpg,926,472,/home/synrg/Documents/Sohrab/optic-disk-localization/dataset/Base23/20060412_52425_0200_PP.jpg,4,46,1353,946
20060412_52446_0200_PP.jpg,479,427,/home/synrg/Documents/Sohrab/optic-disk-localization/dataset/Base24/20060412_52446_0200_PP.jpg,4,46,1354,946
20060412_52497_0200_PP.jpg,960,432,/home/synrg/Documents/Sohrab/optic-disk-localization/dataset/Base24/20060412_52497_0200_PP.jpg,182,46,1259,947
20060412_52520_0200_PP.jpg,422,461,/home/synrg/Documents/Sohrab/optic-disk-localization/dataset/Base24/20060412_52520_0200_PP.jpg,182,46,1353,947
20060412_52587_0200_PP.jpg,988,489,/home/synrg/Documents/Sohrab/optic-disk-localization/dataset/Base24/20060412_52587_0200_PP.jpg,262,40,1284,941
20060412_52606_0200_PP.jpg,479,458,/home/synrg/Documents/Sohrab/optic-disk-localization/dataset/Base24/20060412_52606_0200_PP.jpg,262,40,1284,940
20060412_52668_0200_PP.jpg,968,497,/home/synrg/Documents/Sohrab/optic-disk-localization/dataset/Base24/20060412_52668_0200_PP.jpg,4,46,1354,946
20060412_52685_0200_PP.jpg,476,475,/home/synrg/Documents/Sohrab/optic-disk-localization/dataset/Base24/20060412_52685_0200_PP.jpg,4,46,1354,946
20060412_52758_0200_PP.jpg,945,475,/home/synrg/Documents/Sohrab/optic-disk-localization/dataset/Base24/20060412_52758_0200_PP.jpg,183,35,1259,935
20060412_52777_0200_PP.jpg,513,421,/home/synrg/Documents/Sohrab/optic-disk-localization/dataset/Base24/20060412_52777_0200_PP.jpg,182,35,1259,935
20060412_52840_0200_PP.jpg,974,483,/home/synrg/Documents/Sohrab/optic-disk-localization/dataset/Base24/20060412_52840_0200_PP.jpg,182,47,1259,947
20060412_52860_0200_PP.jpg,493,495,/home/synrg/Documents/Sohrab/optic-disk-localization/dataset/Base24/20060412_52860_0200_PP.jpg,4,47,1353,947
20060412_52910_0200_PP.jpg,1005,506,/home/synrg/Documents/Sohrab/optic-disk-localization/dataset/Base24/20060412_52910_0200_PP.jpg,4,46,1439,950
20060412_52931_0200_PP.jpg,394,393,/home/synrg/Documents/Sohrab/optic-disk-localization/dataset/Base24/20060412_52931_0200_PP.jpg,4,46,1422,947
20060412_52978_0200_PP.jpg,943,500,/home/synrg/Documents/Sohrab/optic-disk-localization/dataset/Base24/20060412_52978_0200_PP.jpg,4,46,1353,946
20060412_52997_0200_PP.jpg,493,478,/home/synrg/Documents/Sohrab/optic-disk-localization/dataset/Base24/20060412_52997_0200_PP.jpg,4,46,1354,946
20060412_53045_0200_PP.jpg,977,469,/home/synrg/Documents/Sohrab/optic-disk-localization/dataset/Base24/20060412_53045_0200_PP.jpg,4,46,1422,946
20060412_57650_0200_PP.jpg,1050,407,/home/synrg/Documents/Sohrab/optic-disk-localization/dataset/Base24/20060412_57650_0200_PP.jpg,4,45,1439,946
20060412_57680_0200_PP.jpg,442,503,/home/synrg/Documents/Sohrab/optic-disk-localization/dataset/Base24/20060412_57680_0200_PP.jpg,4,45,1439,950
20060412_57846_0200_PP.jpg,971,503,/home/synrg/Documents/Sohrab/optic-disk-localization/dataset/Base24/20060412_57846_0200_PP.jpg,4,46,1353,947
20060412_57874_0200_PP.jpg,368,546,/home/synrg/Documents/Sohrab/optic-disk-localization/dataset/Base24/20060412_57874_0200_PP.jpg,4,46,1353,947
20060412_57952_0200_PP.jpg,948,458,/home/synrg/Documents/Sohrab/optic-disk-localization/dataset/Base24/20060412_57952_0200_PP.jpg,4,39,1439,939
20060412_57974_0200_PP.jpg,484,469,/home/synrg/Documents/Sohrab/optic-disk-localization/dataset/Base24/20060412_57974_0200_PP.jpg,4,39,1353,939
20060412_58032_0200_PP.jpg,934,506,/home/synrg/Documents/Sohrab/optic-disk-localization/dataset/Base24/20060412_58032_0200_PP.jpg,262,50,1284,951
20060412_58054_0200_PP.jpg,504,512,/home/synrg/Documents/Sohrab/optic-disk-localization/dataset/Base24/20060412_58054_0200_PP.jpg,262,50,1284,951
20060412_58137_0200_PP.jpg,1002,517,/home/synrg/Documents/Sohrab/optic-disk-localization/dataset/Base24/20060412_58137_0200_PP.jpg,183,47,1259,947
20060412_58171_0200_PP.jpg,484,486,/home/synrg/Documents/Sohrab/optic-disk-localization/dataset/Base24/20060412_58171_0200_PP.jpg,182,47,1259,947
20060412_58287_0200_PP.jpg,909,489,/home/synrg/Documents/Sohrab/optic-disk-localization/dataset/Base24/20060412_58287_0200_PP.jpg,182,44,1371,944
20060412_58314_0200_PP.jpg,535,481,/home/synrg/Documents/Sohrab/optic-disk-localization/dataset/Base24/20060412_58314_0200_PP.jpg,183,44,1371,944
20060412_58368_0200_PP.jpg,934,492,/home/synrg/Documents/Sohrab/optic-disk-localization/dataset/Base24/20060412_58368_0200_PP.jpg,260,49,1284,950
20060412_58387_0200_PP.jpg,481,483,/home/synrg/Documents/Sohrab/optic-disk-localization/dataset/Base24/20060412_58387_0200_PP.jpg,260,50,1284,950
20060412_58471_0200_PP.jpg,1019,481,/home/synrg/Documents/Sohrab/optic-disk-localization/dataset/Base24/20060412_58471_0200_PP.jpg,182,47,1353,947
20060412_58497_0200_PP.jpg,456,472,/home/synrg/Documents/Sohrab/optic-disk-localization/dataset/Base24/20060412_58497_0200_PP.jpg,182,47,1353,947
20060412_58548_0200_PP.jpg,957,478,/home/synrg/Documents/Sohrab/optic-disk-localization/dataset/Base24/20060412_58548_0200_PP.jpg,4,46,1353,947
20060412_58563_0200_PP.jpg,476,469,/home/synrg/Documents/Sohrab/optic-disk-localization/dataset/Base24/20060412_58563_0200_PP.jpg,4,46,1353,947
20060412_58638_0200_PP.jpg,909,497,/home/synrg/Documents/Sohrab/optic-disk-localization/dataset/Base24/20060412_58638_0200_PP.jpg,4,40,1422,950
20060412_58668_0200_PP.jpg,408,444,/home/synrg/Documents/Sohrab/optic-disk-localization/dataset/Base24/20060412_58668_0200_PP.jpg,4,0,1440,950
20060412_58723_0200_PP.jpg,974,517,/home/synrg/Documents/Sohrab/optic-disk-localization/dataset/Base24/20060412_58723_0200_PP.jpg,4,46,1422,946
20060412_58747_0200_PP.jpg,498,464,/home/synrg/Documents/Sohrab/optic-disk-localization/dataset/Base24/20060412_58747_0200_PP.jpg,4,46,1439,950
20060412_58802_0200_PP.jpg,937,466,/home/synrg/Documents/Sohrab/optic-disk-localization/dataset/Base24/20060412_58802_0200_PP.jpg,4,44,1422,944
20060412_58819_0200_PP.jpg,479,483,/home/synrg/Documents/Sohrab/optic-disk-localization/dataset/Base24/20060412_58819_0200_PP.jpg,4,44,1422,944
20060412_58869_0200_PP.jpg,945,466,/home/synrg/Documents/Sohrab/optic-disk-localization/dataset/Base24/20060412_58869_0200_PP.jpg,182,46,1259,946
20060412_58889_0200_PP.jpg,365,475,/home/synrg/Documents/Sohrab/optic-disk-localization/dataset/Base24/20060412_58889_0200_PP.jpg,182,46,1353,946
20060412_58945_0200_PP.jpg,965,514,/home/synrg/Documents/Sohrab/optic-disk-localization/dataset/Base24/20060412_58945_0200_PP.jpg,4,45,1354,946
20060412_58965_0200_PP.jpg,470,495,/home/synrg/Documents/Sohrab/optic-disk-localization/dataset/Base24/20060412_58965_0200_PP.jpg,4,45,1354,946
20060412_59012_0200_PP.jpg,914,497,/home/synrg/Documents/Sohrab/optic-disk-localization/dataset/Base24/20060412_59012_0200_PP.jpg,4,46,1422,951
20060412_59037_0200_PP.jpg,521,492,/home/synrg/Documents/Sohrab/optic-disk-localization/dataset/Base24/20060412_59037_0200_PP.jpg,4,46,1439,950
20060412_59100_0200_PP.jpg,914,458,/home/synrg/Documents/Sohrab/optic-disk-localization/dataset/Base24/20060412_59100_0200_PP.jpg,183,47,1259,947
20060412_59124_0200_PP.jpg,464,461,/home/synrg/Documents/Sohrab/optic-disk-localization/dataset/Base24/20060412_59124_0200_PP.jpg,183,47,1259,947
20060412_59175_0200_PP.jpg,982,478,/home/synrg/Documents/Sohrab/optic-disk-localization/dataset/Base24/20060412_59175_0200_PP.jpg,262,39,1284,940
20060412_59196_0200_PP.jpg,547,458,/home/synrg/Documents/Sohrab/optic-disk-localization/dataset/Base24/20060412_59196_0200_PP.jpg,262,39,1284,940
20060412_59242_0200_PP.jpg,951,492,/home/synrg/Documents/Sohrab/optic-disk-localization/dataset/Base24/20060412_59242_0200_PP.jpg,4,40,1439,940
20060412_59259_0200_PP.jpg,484,466,/home/synrg/Documents/Sohrab/optic-disk-localization/dataset/Base24/20060412_59259_0200_PP.jpg,4,39,1422,950
20060412_59338_0200_PP.jpg,917,466,/home/synrg/Documents/Sohrab/optic-disk-localization/dataset/Base24/20060412_59338_0200_PP.jpg,4,39,1422,950
20060412_59355_0200_PP.jpg,513,478,/home/synrg/Documents/Sohrab/optic-disk-localization/dataset/Base24/20060412_59355_0200_PP.jpg,4,39,1440,950
20060412_59400_0200_PP.jpg,911,483,/home/synrg/Documents/Sohrab/optic-disk-localization/dataset/Base24/20060412_59400_0200_PP.jpg,182,34,1353,934
20060412_59423_0200_PP.jpg,518,483,/home/synrg/Documents/Sohrab/optic-disk-localization/dataset/Base24/20060412_59423_0200_PP.jpg,182,34,1259,934
20060412_59636_0200_PP.jpg,996,526,/home/synrg/Documents/Sohrab/optic-disk-localization/dataset/Base24/20060412_59636_0200_PP.jpg,183,47,1166,947
20060412_59658_0200_PP.jpg,515,486,/home/synrg/Documents/Sohrab/optic-disk-localization/dataset/Base24/20060412_59658_0200_PP.jpg,183,47,1259,947
20060412_59717_0200_PP.jpg,962,481,/home/synrg/Documents/Sohrab/optic-disk-localization/dataset/Base24/20060412_59717_0200_PP.jpg,4,41,1353,941
20060412_59735_0200_PP.jpg,513,478,/home/synrg/Documents/Sohrab/optic-disk-localization/dataset/Base24/20060412_59735_0200_PP.jpg,4,41,1353,941
20060412_60337_0200_PP.jpg,951,526,/home/synrg/Documents/Sohrab/optic-disk-localization/dataset/Base24/20060412_60337_0200_PP.jpg,183,45,1259,946
20060412_60396_0200_PP.jpg,473,481,/home/synrg/Documents/Sohrab/optic-disk-localization/dataset/Base24/20060412_60396_0200_PP.jpg,183,45,1259,945
20060412_60454_0200_PP.jpg,954,495,/home/synrg/Documents/Sohrab/optic-disk-localization/dataset/Base24/20060412_60454_0200_PP.jpg,261,49,1284,950
20060412_60475_0200_PP.jpg,487,438,/home/synrg/Documents/Sohrab/optic-disk-localization/dataset/Base24/20060412_60475_0200_PP.jpg,261,49,1284,950
20060412_60545_0200_PP.jpg,909,492,/home/synrg/Documents/Sohrab/optic-disk-localization/dataset/Base24/20060412_60545_0200_PP.jpg,4,44,1353,945
20060412_60573_0200_PP.jpg,527,486,/home/synrg/Documents/Sohrab/optic-disk-localization/dataset/Base24/20060412_60573_0200_PP.jpg,4,44,1353,945
20060412_60751_0200_PP.jpg,931,464,/home/synrg/Documents/Sohrab/optic-disk-localization/dataset/Base24/20060412_60751_0200_PP.jpg,4,39,1354,939
20060412_60773_0200_PP.jpg,490,486,/home/synrg/Documents/Sohrab/optic-disk-localization/dataset/Base24/20060412_60773_0200_PP.jpg,4,39,1422,939
20060412_60825_0200_PP.jpg,968,483,/home/synrg/Documents/Sohrab/optic-disk-localization/dataset/Base24/20060412_60825_0200_PP.jpg,4,45,1353,946
20060412_60845_0200_PP.jpg,490,503,/home/synrg/Documents/Sohrab/optic-disk-localization/dataset/Base24/20060412_60845_0200_PP.jpg,4,45,1439,946
20060412_60895_0200_PP.jpg,1010,543,/home/synrg/Documents/Sohrab/optic-disk-localization/dataset/Base24/20060412_60895_0200_PP.jpg,4,46,1353,947
20060412_60913_0200_PP.jpg,515,492,/home/synrg/Documents/Sohrab/optic-disk-localization/dataset/Base24/20060412_60913_0200_PP.jpg,4,46,1354,947
20060412_60978_0200_PP.jpg,1033,441,/home/synrg/Documents/Sohrab/optic-disk-localization/dataset/Base24/20060412_60978_0200_PP.jpg,4,47,1353,947
20060412_61000_0200_PP.jpg,487,472,/home/synrg/Documents/Sohrab/optic-disk-localization/dataset/Base24/20060412_61000_0200_PP.jpg,4,46,1353,947
20060412_61064_0200_PP.jpg,982,543,/home/synrg/Documents/Sohrab/optic-disk-localization/dataset/Base24/20060412_61064_0200_PP.jpg,4,39,1422,950
20060412_61081_0200_PP.jpg,496,489,/home/synrg/Documents/Sohrab/optic-disk-localization/dataset/Base24/20060412_61081_0200_PP.jpg,4,39,1422,939
20060412_61151_0200_PP.jpg,991,481,/home/synrg/Documents/Sohrab/optic-disk-localization/dataset/Base24/20060412_61151_0200_PP.jpg,182,45,1259,945
20060412_61169_0200_PP.jpg,459,464,/home/synrg/Documents/Sohrab/optic-disk-localization/dataset/Base24/20060412_61169_0200_PP.jpg,182,45,1259,945
20060412_61222_0200_PP.jpg,914,472,/home/synrg/Documents/Sohrab/optic-disk-localization/dataset/Base24/20060412_61222_0200_PP.jpg,183,47,1259,947
20060412_61251_0200_PP.jpg,518,509,/home/synrg/Documents/Sohrab/optic-disk-localization/dataset/Base24/20060412_61251_0200_PP.jpg,183,47,1259,948
20060412_61299_0200_PP.jpg,948,469,/home/synrg/Documents/Sohrab/optic-disk-localization/dataset/Base24/20060412_61299_0200_PP.jpg,4,40,1424,950
20060412_61316_0200_PP.jpg,473,469,/home/synrg/Documents/Sohrab/optic-disk-localization/dataset/Base24/20060412_61316_0200_PP.jpg,4,18,1423,950
20060412_61365_0200_PP.jpg,982,523,/home/synrg/Documents/Sohrab/optic-disk-localization/dataset/Base24/20060412_61365_0200_PP.jpg,4,46,1439,946
20060412_61383_0200_PP.jpg,470,497,/home/synrg/Documents/Sohrab/optic-disk-localization/dataset/Base24/20060412_61383_0200_PP.jpg,4,46,1439,946
20060412_61433_0200_PP.jpg,957,475,/home/synrg/Documents/Sohrab/optic-disk-localization/dataset/Base24/20060412_61433_0200_PP.jpg,182,47,1259,947
20060412_61450_0200_PP.jpg,510,469,/home/synrg/Documents/Sohrab/optic-disk-localization/dataset/Base24/20060412_61450_0200_PP.jpg,182,47,1353,947
20060412_61501_0200_PP.jpg,928,486,/home/synrg/Documents/Sohrab/optic-disk-localization/dataset/Base24/20060412_61501_0200_PP.jpg,4,46,1422,950
20060412_61525_0200_PP.jpg,515,438,/home/synrg/Documents/Sohrab/optic-disk-localization/dataset/Base24/20060412_61525_0200_PP.jpg,4,45,1439,947
20060412_61593_0200_PP.jpg,897,495,/home/synrg/Documents/Sohrab/optic-disk-localization/dataset/Base24/20060412_61593_0200_PP.jpg,4,45,1354,946
20060412_61615_0200_PP.jpg,527,475,/home/synrg/Documents/Sohrab/optic-disk-localization/dataset/Base24/20060412_61615_0200_PP.jpg,4,45,1354,945
20060412_61665_0200_PP.jpg,951,489,/home/synrg/Documents/Sohrab/optic-disk-localization/dataset/Base24/20060412_61665_0200_PP.jpg,261,49,1284,950
20060412_61681_0200_PP.jpg,510,495,/home/synrg/Documents/Sohrab/optic-disk-localization/dataset/Base24/20060412_61681_0200_PP.jpg,261,49,1284,950
20060412_61790_0200_PP.jpg,962,514,/home/synrg/Documents/Sohrab/optic-disk-localization/dataset/Base24/20060412_61790_0200_PP.jpg,4,39,1422,939
20060412_61808_0200_PP.jpg,510,497,/home/synrg/Documents/Sohrab/optic-disk-localization/dataset/Base24/20060412_61808_0200_PP.jpg,4,39,1422,951
20060412_62936_0200_PP.jpg,948,464,/home/synrg/Documents/Sohrab/optic-disk-localization/dataset/Base24/20060412_62936_0200_PP.jpg,262,50,1284,951
20060412_62960_0200_PP.jpg,487,520,/home/synrg/Documents/Sohrab/optic-disk-localization/dataset/Base24/20060412_62960_0200_PP.jpg,262,50,1284,951
20060412_63009_0200_PP.jpg,940,435,/home/synrg/Documents/Sohrab/optic-disk-localization/dataset/Base24/20060412_63009_0200_PP.jpg,4,39,1422,950
20060412_63032_0200_PP.jpg,456,455,/home/synrg/Documents/Sohrab/optic-disk-localization/dataset/Base24/20060412_63032_0200_PP.jpg,4,39,1422,939
20060412_63088_0200_PP.jpg,954,475,/home/synrg/Documents/Sohrab/optic-disk-localization/dataset/Base24/20060412_63088_0200_PP.jpg,182,34,1353,934
20060412_63104_0200_PP.jpg,498,435,/home/synrg/Documents/Sohrab/optic-disk-localization/dataset/Base24/20060412_63104_0200_PP.jpg,4,34,1353,934
20060522_43643_0100_PP.jpg,1466,696,/home/synrg/Documents/Sohrab/optic-disk-localization/dataset/Base13/Base13/20060522_43643_0100_PP.jpg,423,59,1805,1439
20060522_43758_0100_PP.jpg,1497,771,/home/synrg/Documents/Sohrab/optic-disk-localization/dataset/Base13/Base13/20060522_43758_0100_PP.jpg,425,60,1804,1438
20060522_45069_0100_PP.jpg,779,762,/home/synrg/Documents/Sohrab/optic-disk-localization/dataset/Base13/Base13/20060522_45069_0100_PP.jpg,425,59,1803,1438
20060522_45111_0100_PP.jpg,815,722,/home/synrg/Documents/Sohrab/optic-disk-localization/dataset/Base13/Base13/20060522_45111_0100_PP.jpg,424,58,1805,1439
20060522_45212_0100_PP.jpg,1457,745,/home/synrg/Documents/Sohrab/optic-disk-localization/dataset/Base13/Base13/20060522_45212_0100_PP.jpg,424,50,1805,1430
20060522_45248_0100_PP.jpg,819,727,/home/synrg/Documents/Sohrab/optic-disk-localization/dataset/Base13/Base13/20060522_45248_0100_PP.jpg,37,50,1824,1441
20060522_45402_0100_PP.jpg,1501,753,/home/synrg/Documents/Sohrab/optic-disk-localization/dataset/Base13/Base13/20060522_45402_0100_PP.jpg,425,59,1804,1440
20060522_45455_0100_PP.jpg,762,652,/home/synrg/Documents/Sohrab/optic-disk-localization/dataset/Base13/Base13/20060522_45455_0100_PP.jpg,424,59,1804,1439
20060522_45541_0100_PP.jpg,1484,745,/home/synrg/Documents/Sohrab/optic-disk-localization/dataset/Base13/Base13/20060522_45541_0100_PP.jpg,425,59,1804,1438
20060522_45583_0100_PP.jpg,801,745,/home/synrg/Documents/Sohrab/optic-disk-localization/dataset/Base13/Base13/20060522_45583_0100_PP.jpg,424,59,1804,1438
20060522_45691_0100_PP.jpg,1453,705,/home/synrg/Documents/Sohrab/optic-disk-localization/dataset/Base13/Base13/20060522_45691_0100_PP.jpg,425,50,1805,1428
20060522_45718_0100_PP.jpg,806,740,/home/synrg/Documents/Sohrab/optic-disk-localization/dataset/Base13/Base13/20060522_45718_0100_PP.jpg,423,48,1806,1430
20060522_45777_0100_PP.jpg,1545,727,/home/synrg/Documents/Sohrab/optic-disk-localization/dataset/Base13/Base13/20060522_45777_0100_PP.jpg,423,57,1806,1440
20060522_45796_0100_PP.jpg,753,780,/home/synrg/Documents/Sohrab/optic-disk-localization/dataset/Base13/Base13/20060522_45796_0100_PP.jpg,424,59,1805,1439
20060522_45853_0100_PP.jpg,1550,678,/home/synrg/Documents/Sohrab/optic-disk-localization/dataset/Base13/Base13/20060522_45853_0100_PP.jpg,425,60,1804,1438
20060522_45873_0100_PP.jpg,744,727,/home/synrg/Documents/Sohrab/optic-disk-localization/dataset/Base13/Base13/20060522_45873_0100_PP.jpg,425,60,1803,1438
20060522_45935_0100_PP.jpg,1484,727,/home/synrg/Documents/Sohrab/optic-disk-localization/dataset/Base13/Base13/20060522_45935_0100_PP.jpg,424,50,1806,1431
20060522_45967_0100_PP.jpg,815,775,/home/synrg/Documents/Sohrab/optic-disk-localization/dataset/Base13/Base13/20060522_45967_0100_PP.jpg,424,49,1805,1431
20060522_46104_0100_PP.jpg,1501,718,/home/synrg/Documents/Sohrab/optic-disk-localization/dataset/Base13/Base13/20060522_46104_0100_PP.jpg,422,53,1801,1433
20060522_46149_0100_PP.jpg,766,775,/home/synrg/Documents/Sohrab/optic-disk-localization/dataset/Base13/Base13/20060522_46149_0100_PP.jpg,421,54,1801,1432
20060522_46266_0100_PP.jpg,1519,683,/home/synrg/Documents/Sohrab/optic-disk-localization/dataset/Base13/Base13/20060522_46266_0100_PP.jpg,423,47,1808,1430
20060522_46379_0100_PP.jpg,1479,771,/home/synrg/Documents/Sohrab/optic-disk-localization/dataset/Base13/Base13/20060522_46379_0100_PP.jpg,424,59,1804,1438
20060522_46400_0100_PP.jpg,793,709,/home/synrg/Documents/Sohrab/optic-disk-localization/dataset/Base13/Base13/20060522_46400_0100_PP.jpg,424,59,1804,1439
20060522_46454_0100_PP.jpg,1695,683,/home/synrg/Documents/Sohrab/optic-disk-localization/dataset/Base13/Base13/20060522_46454_0100_PP.jpg,41,49,2225,1472
20060523_42953_0100_PP.jpg,797,718,/home/synrg/Documents/Sohrab/optic-disk-localization/dataset/Base13/Base13/20060523_42953_0100_PP.jpg,328,51,1803,1430
20060523_43016_0100_PP.jpg,1453,727,/home/synrg/Documents/Sohrab/optic-disk-localization/dataset/Base13/Base13/20060523_43016_0100_PP.jpg,424,57,1804,1438
20060523_43038_0100_PP.jpg,828,727,/home/synrg/Documents/Sohrab/optic-disk-localization/dataset/Base13/Base13/20060523_43038_0100_PP.jpg,422,59,2048,1438
20060523_43105_0100_PP.jpg,1510,745,/home/synrg/Documents/Sohrab/optic-disk-localization/dataset/Base13/Base13/20060523_43105_0100_PP.jpg,424,59,1804,1438
20060523_43123_0100_PP.jpg,705,731,/home/synrg/Documents/Sohrab/optic-disk-localization/dataset/Base13/Base13/20060523_43123_0100_PP.jpg,424,59,1804,1480
20060523_43174_0100_PP.jpg,1479,784,/home/synrg/Documents/Sohrab/optic-disk-localization/dataset/Base13/Base13/20060523_43174_0100_PP.jpg,420,48,1802,1429
20060523_43196_0100_PP.jpg,801,731,/home/synrg/Documents/Sohrab/optic-disk-localization/dataset/Base13/Base13/20060523_43196_0100_PP.jpg,417,49,1802,1430
20060523_43248_0100_PP.jpg,1475,780,/home/synrg/Documents/Sohrab/optic-disk-localization/dataset/Base13/Base13/20060523_43248_0100_PP.jpg,424,59,1805,1440
20060523_43267_0100_PP.jpg,784,771,/home/synrg/Documents/Sohrab/optic-disk-localization/dataset/Base13/Base13/20060523_43267_0100_PP.jpg,424,59,1804,1440
20060523_43333_0100_PP.jpg,1506,745,/home/synrg/Documents/Sohrab/optic-disk-localization/dataset/Base13/Base13/20060523_43333_0100_PP.jpg,423,50,1805,1431
20060523_43354_0100_PP.jpg,727,709,/home/synrg/Documents/Sohrab/optic-disk-localization/dataset/Base13/Base13/20060523_43354_0100_PP.jpg,424,50,1804,1430
20060523_45216_0100_PP.jpg,1475,727,/home/synrg/Documents/Sohrab/optic-disk-localization/dataset/Base13/Base13/20060523_45216_0100_PP.jpg,422,50,1800,1428
20060523_45235_0100_PP.jpg,828,687,/home/synrg/Documents/Sohrab/optic-disk-localization/dataset/Base13/Base13/20060523_45235_0100_PP.jpg,421,50,1800,1428
20060523_45300_0100_PP.jpg,1497,714,/home/synrg/Documents/Sohrab/optic-disk-localization/dataset/Base13/Base13/20060523_45300_0100_PP.jpg,423,58,1806,1441
20060523_45316_0100_PP.jpg,779,678,/home/synrg/Documents/Sohrab/optic-disk-localization/dataset/Base13/Base13/20060523_45316_0100_PP.jpg,424,59,1805,1439
20060523_45369_0100_PP.jpg,1633,674,/home/synrg/Documents/Sohrab/optic-disk-localization/dataset/Base13/Base13/20060523_45369_0100_PP.jpg,424,58,1805,1439
20060523_45389_0100_PP.jpg,766,745,/home/synrg/Documents/Sohrab/optic-disk-localization/dataset/Base13/Base13/20060523_45389_0100_PP.jpg,423,58,1806,1441
20060523_45449_0100_PP.jpg,1440,674,/home/synrg/Documents/Sohrab/optic-disk-localization/dataset/Base13/Base13/20060523_45449_0100_PP.jpg,421,52,1803,1434
20060523_45467_0100_PP.jpg,828,696,/home/synrg/Documents/Sohrab/optic-disk-localization/dataset/Base13/Base13/20060523_45467_0100_PP.jpg,419,52,1803,1435
20060523_45524_0100_PP.jpg,1563,511,/home/synrg/Documents/Sohrab/optic-disk-localization/dataset/Base13/Base13/20060523_45524_0100_PP.jpg,423,59,1805,1440
20060523_45548_0100_PP.jpg,823,815,/home/synrg/Documents/Sohrab/optic-disk-localization/dataset/Base13/Base13/20060523_45548_0100_PP.jpg,424,58,1805,1440
20060523_45662_0100_PP.jpg,1598,767,/home/synrg/Documents/Sohrab/optic-disk-localization/dataset/Base13/Base13/20060523_45662_0100_PP.jpg,425,60,1803,1438
20060523_45697_0100_PP.jpg,674,727,/home/synrg/Documents/Sohrab/optic-disk-localization/dataset/Base13/Base13/20060523_45697_0100_PP.jpg,425,60,1803,1438
20060523_45787_0100_PP.jpg,1484,758,/home/synrg/Documents/Sohrab/optic-disk-localization/dataset/Base13/Base13/20060523_45787_0100_PP.jpg,422,50,1800,1428
20060523_45812_0100_PP.jpg,797,727,/home/synrg/Documents/Sohrab/optic-disk-localization/dataset/Base13/Base13/20060523_45812_0100_PP.jpg,422,50,1800,1428
20060523_47987_0100_PP.jpg,1488,700,/home/synrg/Documents/Sohrab/optic-disk-localization/dataset/Base13/Base13/20060523_47987_0100_PP.jpg,424,58,1805,1440
20060523_48005_0100_PP.jpg,806,705,/home/synrg/Documents/Sohrab/optic-disk-localization/dataset/Base13/Base13/20060523_48005_0100_PP.jpg,424,59,1805,1439
20060523_48028_0100_PP.jpg,1638,674,/home/synrg/Documents/Sohrab/optic-disk-localization/dataset/Base13/Base13/20060523_48028_0100_PP.jpg,423,58,1806,1440
20060523_48102_0100_PP.jpg,828,740,/home/synrg/Documents/Sohrab/optic-disk-localization/dataset/Base13/Base13/20060523_48102_0100_PP.jpg,422,58,1806,1440
20060523_48136_0100_PP.jpg,1523,665,/home/synrg/Documents/Sohrab/optic-disk-localization/dataset/Base13/Base13/20060523_48136_0100_PP.jpg,424,51,1804,1429
20060523_48161_0100_PP.jpg,740,789,/home/synrg/Documents/Sohrab/optic-disk-localization/dataset/Base13/Base13/20060523_48161_0100_PP.jpg,424,50,1804,1433
20060523_48182_0100_PP.jpg,1426,718,/home/synrg/Documents/Sohrab/optic-disk-localization/dataset/Base13/Base13/20060523_48182_0100_PP.jpg,422,50,1800,1429
20060523_48199_0100_PP.jpg,845,692,/home/synrg/Documents/Sohrab/optic-disk-localization/dataset/Base13/Base13/20060523_48199_0100_PP.jpg,421,50,1800,1428
20060523_48357_0100_PP.jpg,1484,745,/home/synrg/Documents/Sohrab/optic-disk-localization/dataset/Base13/Base13/20060523_48357_0100_PP.jpg,422,50,1800,1428
20060523_48406_0100_PP.jpg,1554,705,/home/synrg/Documents/Sohrab/optic-disk-localization/dataset/Base13/Base13/20060523_48406_0100_PP.jpg,421,51,1799,1430
20060523_48425_0100_PP.jpg,678,709,/home/synrg/Documents/Sohrab/optic-disk-localization/dataset/Base13/Base13/20060523_48425_0100_PP.jpg,421,51,1799,1430
20060523_48477_0100_PP.jpg,1492,674,/home/synrg/Documents/Sohrab/optic-disk-localization/dataset/Base13/Base13/20060523_48477_0100_PP.jpg,299,50,1804,1430
20060523_48499_0100_PP.jpg,784,683,/home/synrg/Documents/Sohrab/optic-disk-localization/dataset/Base13/Base13/20060523_48499_0100_PP.jpg,424,49,1804,1429
20060523_48572_0100_PP.jpg,1510,731,/home/synrg/Documents/Sohrab/optic-disk-localization/dataset/Base13/Base13/20060523_48572_0100_PP.jpg,424,49,1805,1429
20060523_48591_0100_PP.jpg,784,696,/home/synrg/Documents/Sohrab/optic-disk-localization/dataset/Base13/Base13/20060523_48591_0100_PP.jpg,423,49,1804,1430
20060523_48643_0100_PP.jpg,1488,762,/home/synrg/Documents/Sohrab/optic-disk-localization/dataset/Base13/Base13/20060523_48643_0100_PP.jpg,425,59,1805,1440
20060523_48659_0100_PP.jpg,775,718,/home/synrg/Documents/Sohrab/optic-disk-localization/dataset/Base13/Base13/20060523_48659_0100_PP.jpg,425,60,1804,1439
20060523_48709_0100_PP.jpg,1523,767,/home/synrg/Documents/Sohrab/optic-disk-localization/dataset/Base13/Base13/20060523_48709_0100_PP.jpg,424,59,1805,1439
20060523_48728_0100_PP.jpg,757,722,/home/synrg/Documents/Sohrab/optic-disk-localization/dataset/Base13/Base13/20060523_48728_0100_PP.jpg,424,59,1805,1439
20060523_48787_0100_PP.jpg,1488,740,/home/synrg/Documents/Sohrab/optic-disk-localization/dataset/Base13/Base13/20060523_48787_0100_PP.jpg,420,50,1800,1430
20060523_48816_0100_PP.jpg,784,696,/home/synrg/Documents/Sohrab/optic-disk-localization/dataset/Base13/Base13/20060523_48816_0100_PP.jpg,420,52,1800,1429
20060523_48890_0100_PP.jpg,1444,753,/home/synrg/Documents/Sohrab/optic-disk-localization/dataset/Base13/Base13/20060523_48890_0100_PP.jpg,420,58,1802,1440
20060523_48931_0100_PP.jpg,823,767,/home/synrg/Documents/Sohrab/optic-disk-localization/dataset/Base13/Base13/20060523_48931_0100_PP.jpg,419,56,1803,1441
20060523_48990_0100_PP.jpg,1510,767,/home/synrg/Documents/Sohrab/optic-disk-localization/dataset/Base13/Base13/20060523_48990_0100_PP.jpg,423,49,1806,1433
20060523_49010_0100_PP.jpg,876,753,/home/synrg/Documents/Sohrab/optic-disk-localization/dataset/Base13/Base13/20060523_49010_0100_PP.jpg,423,49,1805,1431
20060523_49100_0100_PP.jpg,1726,753,/home/synrg/Documents/Sohrab/optic-disk-localization/dataset/Base13/Base13/20060523_49100_0100_PP.jpg,421,49,1802,1429
20060523_49120_0100_PP.jpg,815,753,/home/synrg/Documents/Sohrab/optic-disk-localization/dataset/Base13/Base13/20060523_49120_0100_PP.jpg,421,49,1801,1429
20060523_49176_0100_PP.jpg,1453,727,/home/synrg/Documents/Sohrab/optic-disk-localization/dataset/Base13/Base13/20060523_49176_0100_PP.jpg,419,56,1803,1441
20060523_49191_0100_PP.jpg,850,700,/home/synrg/Documents/Sohrab/optic-disk-localization/dataset/Base13/Base13/20060523_49191_0100_PP.jpg,419,57,1802,1440
20060523_49269_0100_PP.jpg,1488,740,/home/synrg/Documents/Sohrab/optic-disk-localization/dataset/Base13/Base13/20060523_49269_0100_PP.jpg,422,54,1801,1432
20060523_49288_0100_PP.jpg,854,674,/home/synrg/Documents/Sohrab/optic-disk-localization/dataset/Base13/Base13/20060523_49288_0100_PP.jpg,421,53,1801,1432
20060523_49449_0100_PP.jpg,1484,740,/home/synrg/Documents/Sohrab/optic-disk-localization/dataset/Base13/Base13/20060523_49449_0100_PP.jpg,424,49,1804,1429
20060523_49515_0100_PP.jpg,612,802,/home/synrg/Documents/Sohrab/optic-disk-localization/dataset/Base13/Base13/20060523_49515_0100_PP.jpg,424,50,1803,1429
20060523_49573_0100_PP.jpg,1488,709,/home/synrg/Documents/Sohrab/optic-disk-localization/dataset/Base13/Base13/20060523_49573_0100_PP.jpg,247,60,2169,1438
20060523_49591_0100_PP.jpg,788,731,/home/synrg/Documents/Sohrab/optic-disk-localization/dataset/Base13/Base13/20060523_49591_0100_PP.jpg,424,59,1804,1438
20060523_49663_0100_PP.jpg,1506,722,/home/synrg/Documents/Sohrab/optic-disk-localization/dataset/Base13/Base13/20060523_49663_0100_PP.jpg,424,50,1804,1430
20060523_49681_0100_PP.jpg,775,722,/home/synrg/Documents/Sohrab/optic-disk-localization/dataset/Base13/Base13/20060523_49681_0100_PP.jpg,423,49,1803,1428
20060523_49726_0100_PP.jpg,1506,758,/home/synrg/Documents/Sohrab/optic-disk-localization/dataset/Base13/Base13/20060523_49726_0100_PP.jpg,425,58,1805,1438
20060523_49745_0100_PP.jpg,788,736,/home/synrg/Documents/Sohrab/optic-disk-localization/dataset/Base13/Base13/20060523_49745_0100_PP.jpg,424,58,1804,1438
20060523_49791_0100_PP.jpg,1497,749,/home/synrg/Documents/Sohrab/optic-disk-localization/dataset/Base13/Base13/20060523_49791_0100_PP.jpg,424,51,1805,1431
20060523_49809_0100_PP.jpg,801,692,/home/synrg/Documents/Sohrab/optic-disk-localization/dataset/Base13/Base13/20060523_49809_0100_PP.jpg,423,50,1804,1430
20060523_49859_0100_PP.jpg,1457,722,/home/synrg/Documents/Sohrab/optic-disk-localization/dataset/Base13/Base13/20060523_49859_0100_PP.jpg,424,48,1804,1431
20060523_49875_0100_PP.jpg,793,700,/home/synrg/Documents/Sohrab/optic-disk-localization/dataset/Base13/Base13/20060523_49875_0100_PP.jpg,424,50,1804,1429
20060523_49928_0100_PP.jpg,1660,828,/home/synrg/Documents/Sohrab/optic-disk-localization/dataset/Base13/Base13/20060523_49928_0100_PP.jpg,424,49,1804,1429
20060523_49942_0100_PP.jpg,784,665,/home/synrg/Documents/Sohrab/optic-disk-localization/dataset/Base13/Base13/20060523_49942_0100_PP.jpg,423,49,1803,1429
20060523_50003_0100_PP.jpg,1497,762,/home/synrg/Documents/Sohrab/optic-disk-localization/dataset/Base14/20060523_50003_0100_PP.jpg,424,49,1803,1428
20060523_50019_0100_PP.jpg,779,656,/home/synrg/Documents/Sohrab/optic-disk-localization/dataset/Base14/20060523_50019_0100_PP.jpg,137,50,1803,1429
20060523_50135_0100_PP.jpg,1409,705,/home/synrg/Documents/Sohrab/optic-disk-localization/dataset/Base14/20060523_50135_0100_PP.jpg,104,49,1857,1430
20060523_50153_0100_PP.jpg,845,736,/home/synrg/Documents/Sohrab/optic-disk-localization/dataset/Base14/20060523_50153_0100_PP.jpg,114,49,1801,1472
20060523_50234_0100_PP.jpg,1620,670,/home/synrg/Documents/Sohrab/optic-disk-localization/dataset/Base14/20060523_50234_0100_PP.jpg,424,59,1804,1439
20060523_50262_0100_PP.jpg,828,692,/home/synrg/Documents/Sohrab/optic-disk-localization/dataset/Base14/20060523_50262_0100_PP.jpg,424,59,1804,1439
20060523_50325_0100_PP.jpg,1528,709,/home/synrg/Documents/Sohrab/optic-disk-localization/dataset/Base14/20060523_50325_0100_PP.jpg,425,59,1804,1439
20060523_50342_0100_PP.jpg,735,714,/home/synrg/Documents/Sohrab/optic-disk-localization/dataset/Base14/20060523_50342_0100_PP.jpg,424,60,1804,1439
20060523_50392_0100_PP.jpg,1554,696,/home/synrg/Documents/Sohrab/optic-disk-localization/dataset/Base14/20060523_50392_0100_PP.jpg,424,50,1805,1441
20060523_50408_0100_PP.jpg,744,709,/home/synrg/Documents/Sohrab/optic-disk-localization/dataset/Base14/20060523_50408_0100_PP.jpg,93,48,2208,1480
20060523_50469_0100_PP.jpg,1528,811,/home/synrg/Documents/Sohrab/optic-disk-localization/dataset/Base14/20060523_50469_0100_PP.jpg,199,59,1805,1439
20060523_50489_0100_PP.jpg,766,678,/home/synrg/Documents/Sohrab/optic-disk-localization/dataset/Base14/20060523_50489_0100_PP.jpg,424,59,1804,1439
20060523_50539_0100_PP.jpg,1492,700,/home/synrg/Documents/Sohrab/optic-disk-localization/dataset/Base14/20060523_50539_0100_PP.jpg,424,60,1804,1439
20060523_50556_0100_PP.jpg,775,731,/home/synrg/Documents/Sohrab/optic-disk-localization/dataset/Base14/20060523_50556_0100_PP.jpg,425,60,1804,1439
20060523_50616_0100_PP.jpg,1448,745,/home/synrg/Documents/Sohrab/optic-disk-localization/dataset/Base14/20060523_50616_0100_PP.jpg,424,49,1805,1430
20060523_50631_0100_PP.jpg,832,753,/home/synrg/Documents/Sohrab/optic-disk-localization/dataset/Base14/20060523_50631_0100_PP.jpg,423,50,1804,1432
20060523_50707_0100_PP.jpg,1528,784,/home/synrg/Documents/Sohrab/optic-disk-localization/dataset/Base14/20060523_50707_0100_PP.jpg,424,59,1805,1439
20060523_50730_0100_PP.jpg,793,762,/home/synrg/Documents/Sohrab/optic-disk-localization/dataset/Base14/20060523_50730_0100_PP.jpg,423,59,1805,1440
20060523_50790_0100_PP.jpg,1492,727,/home/synrg/Documents/Sohrab/optic-disk-localization/dataset/Base14/20060523_50790_0100_PP.jpg,424,49,1803,1472
20060523_50806_0100_PP.jpg,749,722,/home/synrg/Documents/Sohrab/optic-disk-localization/dataset/Base14/20060523_50806_0100_PP.jpg,424,49,1803,1428
20060529_56013_0100_PP.jpg,1545,718,/home/synrg/Documents/Sohrab/optic-disk-localization/dataset/Base14/20060529_56013_0100_PP.jpg,422,49,1804,1430
20060529_56039_0100_PP.jpg,713,621,/home/synrg/Documents/Sohrab/optic-disk-localization/dataset/Base14/20060529_56039_0100_PP.jpg,424,50,1803,1429
20060529_56255_0100_PP.jpg,1475,705,/home/synrg/Documents/Sohrab/optic-disk-localization/dataset/Base14/20060529_56255_0100_PP.jpg,423,56,1806,1440
20060529_56338_0100_PP.jpg,828,709,/home/synrg/Documents/Sohrab/optic-disk-localization/dataset/Base14/20060529_56338_0100_PP.jpg,425,60,1805,1440
20060529_56420_0100_PP.jpg,1475,740,/home/synrg/Documents/Sohrab/optic-disk-localization/dataset/Base14/20060529_56420_0100_PP.jpg,424,60,1805,1439
20060529_56442_0100_PP.jpg,859,705,/home/synrg/Documents/Sohrab/optic-disk-localization/dataset/Base14/20060529_56442_0100_PP.jpg,424,60,1804,1438
20060529_56563_0100_PP.jpg,1492,775,/home/synrg/Documents/Sohrab/optic-disk-localization/dataset/Base14/20060529_56563_0100_PP.jpg,424,58,1805,1439
20060529_56592_0100_PP.jpg,806,797,/home/synrg/Documents/Sohrab/optic-disk-localization/dataset/Base14/20060529_56592_0100_PP.jpg,423,56,1805,1438
20060529_56700_0100_PP.jpg,1668,700,/home/synrg/Documents/Sohrab/optic-disk-localization/dataset/Base14/20060529_56700_0100_PP.jpg,424,59,1806,1440
20060529_56730_0100_PP.jpg,797,758,/home/synrg/Documents/Sohrab/optic-disk-localization/dataset/Base14/20060529_56730_0100_PP.jpg,424,58,1806,1441
20060529_56834_0100_PP.jpg,1479,762,/home/synrg/Documents/Sohrab/optic-disk-localization/dataset/Base14/20060529_56834_0100_PP.jpg,425,58,1807,1438
20060529_56853_0100_PP.jpg,806,700,/home/synrg/Documents/Sohrab/optic-disk-localization/dataset/Base14/20060529_56853_0100_PP.jpg,100,58,1960,1472
20060529_56948_0100_PP.jpg,1440,718,/home/synrg/Documents/Sohrab/optic-disk-localization/dataset/Base14/20060529_56948_0100_PP.jpg,425,58,1805,1438
20060529_56968_0100_PP.jpg,832,709,/home/synrg/Documents/Sohrab/optic-disk-localization/dataset/Base14/20060529_56968_0100_PP.jpg,424,58,1804,1438
20060529_57030_0100_PP.jpg,1506,696,/home/synrg/Documents/Sohrab/optic-disk-localization/dataset/Base14/20060529_57030_0100_PP.jpg,423,50,1805,1432
20060529_57063_0100_PP.jpg,771,718,/home/synrg/Documents/Sohrab/optic-disk-localization/dataset/Base14/20060529_57063_0100_PP.jpg,422,48,1806,1433
20060529_57156_0100_PP.jpg,1514,762,/home/synrg/Documents/Sohrab/optic-disk-localization/dataset/Base14/20060529_57156_0100_PP.jpg,425,60,1805,1438
20060529_57174_0100_PP.jpg,779,775,/home/synrg/Documents/Sohrab/optic-disk-localization/dataset/Base14/20060529_57174_0100_PP.jpg,424,59,1804,1439
20060529_57261_0100_PP.jpg,1435,692,/home/synrg/Documents/Sohrab/optic-disk-localization/dataset/Base14/20060529_57261_0100_PP.jpg,422,47,1806,1432
20060529_57287_0100_PP.jpg,854,745,/home/synrg/Documents/Sohrab/optic-disk-localization/dataset/Base14/20060529_57287_0100_PP.jpg,72,48,2136,1432
20060529_57351_0100_PP.jpg,1470,749,/home/synrg/Documents/Sohrab/optic-disk-localization/dataset/Base14/20060529_57351_0100_PP.jpg,420,58,1801,1438
20060529_57372_0100_PP.jpg,810,709,/home/synrg/Documents/Sohrab/optic-disk-localization/dataset/Base14/20060529_57372_0100_PP.jpg,421,59,1800,1437
20060529_57430_0100_PP.jpg,1519,648,/home/synrg/Documents/Sohrab/optic-disk-localization/dataset/Base14/20060529_57430_0100_PP.jpg,424,51,1803,1428
20060529_57447_0100_PP.jpg,735,700,/home/synrg/Documents/Sohrab/optic-disk-localization/dataset/Base14/20060529_57447_0100_PP.jpg,425,50,1802,1428
20060530_36788_0100_PP.jpg,1488,639,/home/synrg/Documents/Sohrab/optic-disk-localization/dataset/Base14/20060530_36788_0100_PP.jpg,239,47,1801,1430
20060530_36860_0100_PP.jpg,1492,700,/home/synrg/Documents/Sohrab/optic-disk-localization/dataset/Base14/20060530_36860_0100_PP.jpg,425,58,1806,1439
20060530_36895_0100_PP.jpg,823,683,/home/synrg/Documents/Sohrab/optic-disk-localization/dataset/Base14/20060530_36895_0100_PP.jpg,424,58,1806,1439
20060530_51254_0100_PP.jpg,1532,771,/home/synrg/Documents/Sohrab/optic-disk-localization/dataset/Base14/20060530_51254_0100_PP.jpg,424,50,1804,1431
20060530_51279_0100_PP.jpg,801,687,/home/synrg/Documents/Sohrab/optic-disk-localization/dataset/Base14/20060530_51279_0100_PP.jpg,423,51,2177,1448
20060530_51377_0100_PP.jpg,1510,736,/home/synrg/Documents/Sohrab/optic-disk-localization/dataset/Base14/20060530_51377_0100_PP.jpg,422,50,1800,1428
20060530_51399_0100_PP.jpg,749,771,/home/synrg/Documents/Sohrab/optic-disk-localization/dataset/Base14/20060530_51399_0100_PP.jpg,421,50,1800,1427
20060530_52988_0100_PP.jpg,1536,683,/home/synrg/Documents/Sohrab/optic-disk-localization/dataset/Base14/20060530_52988_0100_PP.jpg,424,60,1806,1439
20060530_53042_0100_PP.jpg,1466,700,/home/synrg/Documents/Sohrab/optic-disk-localization/dataset/Base14/20060530_53042_0100_PP.jpg,425,51,1803,1429
20060530_53062_0100_PP.jpg,797,709,/home/synrg/Documents/Sohrab/optic-disk-localization/dataset/Base14/20060530_53062_0100_PP.jpg,424,51,1803,1429
20060530_53132_0100_PP.jpg,1479,771,/home/synrg/Documents/Sohrab/optic-disk-localization/dataset/Base14/20060530_53132_0100_PP.jpg,420,51,1800,1431
20060530_53152_0100_PP.jpg,810,718,/home/synrg/Documents/Sohrab/optic-disk-localization/dataset/Base14/20060530_53152_0100_PP.jpg,421,51,1799,1430
20060530_53233_0100_PP.jpg,1532,696,/home/synrg/Documents/Sohrab/optic-disk-localization/dataset/Base14/20060530_53233_0100_PP.jpg,31,48,1803,1429
20060530_53271_0100_PP.jpg,775,753,/home/synrg/Documents/Sohrab/optic-disk-localization/dataset/Base14/20060530_53271_0100_PP.jpg,307,48,1804,1429
20060530_53421_0100_PP.jpg,1519,727,/home/synrg/Documents/Sohrab/optic-disk-localization/dataset/Base14/20060530_53421_0100_PP.jpg,419,53,1802,1433
20060530_53455_0100_PP.jpg,775,652,/home/synrg/Documents/Sohrab/optic-disk-localization/dataset/Base14/20060530_53455_0100_PP.jpg,421,53,1801,1433
20060530_53522_0100_PP.jpg,1510,731,/home/synrg/Documents/Sohrab/optic-disk-localization/dataset/Base14/20060530_53522_0100_PP.jpg,421,53,1802,1434
20060530_53540_0100_PP.jpg,819,696,/home/synrg/Documents/Sohrab/optic-disk-localization/dataset/Base14/20060530_53540_0100_PP.jpg,421,52,1802,1433
20060530_53597_0100_PP.jpg,1510,740,/home/synrg/Documents/Sohrab/optic-disk-localization/dataset/Base14/20060530_53597_0100_PP.jpg,424,51,1804,1430
20060530_53617_0100_PP.jpg,806,727,/home/synrg/Documents/Sohrab/optic-disk-localization/dataset/Base14/20060530_53617_0100_PP.jpg,272,51,1804,1430
20060530_53702_0100_PP.jpg,1479,683,/home/synrg/Documents/Sohrab/optic-disk-localization/dataset/Base14/20060530_53702_0100_PP.jpg,421,58,1801,1438
20060530_53742_0100_PP.jpg,1413,758,/home/synrg/Documents/Sohrab/optic-disk-localization/dataset/Base14/20060530_53742_0100_PP.jpg,423,48,1805,1432
20060530_53761_0100_PP.jpg,881,762,/home/synrg/Documents/Sohrab/optic-disk-localization/dataset/Base14/20060530_53761_0100_PP.jpg,422,47,1805,1432
20060530_53816_0100_PP.jpg,1479,745,/home/synrg/Documents/Sohrab/optic-disk-localization/dataset/Base14/20060530_53816_0100_PP.jpg,425,59,1804,1438
20060530_53836_0100_PP.jpg,828,731,/home/synrg/Documents/Sohrab/optic-disk-localization/dataset/Base14/20060530_53836_0100_PP.jpg,424,59,1804,1439
20060530_53928_0100_PP.jpg,1457,727,/home/synrg/Documents/Sohrab/optic-disk-localization/dataset/Base14/20060530_53928_0100_PP.jpg,423,49,1805,1432
20060530_53954_0100_PP.jpg,832,749,/home/synrg/Documents/Sohrab/optic-disk-localization/dataset/Base14/20060530_53954_0100_PP.jpg,423,49,1805,1432
20060530_54011_0100_PP.jpg,1536,740,/home/synrg/Documents/Sohrab/optic-disk-localization/dataset/Base14/20060530_54011_0100_PP.jpg,421,47,1802,1430
20060530_54030_0100_PP.jpg,788,700,/home/synrg/Documents/Sohrab/optic-disk-localization/dataset/Base14/20060530_54030_0100_PP.jpg,416,47,1802,1431
20060530_54107_0100_PP.jpg,1492,692,/home/synrg/Documents/Sohrab/optic-disk-localization/dataset/Base14/20060530_54107_0100_PP.jpg,421,53,1801,1433
20060530_54117_0100_PP.jpg,793,718,/home/synrg/Documents/Sohrab/optic-disk-localization/dataset/Base14/20060530_54117_0100_PP.jpg,422,54,1800,1432
20060530_54223_0100_PP.jpg,1448,749,/home/synrg/Documents/Sohrab/optic-disk-localization/dataset/Base14/20060530_54223_0100_PP.jpg,423,49,1805,1431
20060530_54242_0100_PP.jpg,537,934,/home/synrg/Documents/Sohrab/optic-disk-localization/dataset/Base14/20060530_54242_0100_PP.jpg,424,50,1805,1432
20060530_54312_0100_PP.jpg,1734,718,/home/synrg/Documents/Sohrab/optic-disk-localization/dataset/Base14/20060530_54312_0100_PP.jpg,421,49,1802,1428
20060530_54332_0100_PP.jpg,784,771,/home/synrg/Documents/Sohrab/optic-disk-localization/dataset/Base14/20060530_54332_0100_PP.jpg,420,49,1801,1430
20060530_54390_0100_PP.jpg,1418,714,/home/synrg/Documents/Sohrab/optic-disk-localization/dataset/Base14/20060530_54390_0100_PP.jpg,420,48,1803,1432
20060530_54443_0100_PP.jpg,1488,745,/home/synrg/Documents/Sohrab/optic-disk-localization/dataset/Base14/20060530_54443_0100_PP.jpg,421,49,1802,1430
20060530_54485_0100_PP.jpg,1664,868,/home/synrg/Documents/Sohrab/optic-disk-localization/dataset/Base14/20060530_54485_0100_PP.jpg,421,51,1800,1429
20060530_54529_0100_PP.jpg,1668,718,/home/synrg/Documents/Sohrab/optic-disk-localization/dataset/Base14/20060530_54529_0100_PP.jpg,425,59,1804,1438
20060530_54556_0100_PP.jpg,771,714,/home/synrg/Documents/Sohrab/optic-disk-localization/dataset/Base14/20060530_54556_0100_PP.jpg,425,60,1804,1438
20060530_54632_0100_PP.jpg,1448,749,/home/synrg/Documents/Sohrab/optic-disk-localization/dataset/Base14/20060530_54632_0100_PP.jpg,424,58,1805,1440
20060530_54653_0100_PP.jpg,841,797,/home/synrg/Documents/Sohrab/optic-disk-localization/dataset/Base14/20060530_54653_0100_PP.jpg,424,59,1805,1440
20060530_54718_0100_PP.jpg,1528,714,/home/synrg/Documents/Sohrab/optic-disk-localization/dataset/Base14/20060530_54718_0100_PP.jpg,420,49,1802,1430
20060530_55180_0100_PP.jpg,1426,789,/home/synrg/Documents/Sohrab/optic-disk-localization/dataset/Base14/20060530_55180_0100_PP.jpg,272,49,1805,1432
20060530_55203_0100_PP.jpg,634,850,/home/synrg/Documents/Sohrab/optic-disk-localization/dataset/Base14/20060530_55203_0100_PP.jpg,423,48,1804,1431
20060530_55304_0100_PP.jpg,1532,718,/home/synrg/Documents/Sohrab/optic-disk-localization/dataset/Base14/20060530_55304_0100_PP.jpg,424,58,1806,1440
20060530_55370_0100_PP.jpg,1510,714,/home/synrg/Documents/Sohrab/optic-disk-localization/dataset/Base14/20060530_55370_0100_PP.jpg,423,51,1805,1431
20060530_55390_0100_PP.jpg,784,709,/home/synrg/Documents/Sohrab/optic-disk-localization/dataset/Base14/20060530_55390_0100_PP.jpg,424,50,1804,1431
20060530_55451_0100_PP.jpg,1510,731,/home/synrg/Documents/Sohrab/optic-disk-localization/dataset/Base14/20060530_55451_0100_PP.jpg,421,52,1801,1432
20060530_55468_0100_PP.jpg,797,789,/home/synrg/Documents/Sohrab/optic-disk-localization/dataset/Base14/20060530_55468_0100_PP.jpg,421,54,1800,1432
20060530_55607_0100_PP.jpg,1488,687,/home/synrg/Documents/Sohrab/optic-disk-localization/dataset/Base14/20060530_55607_0100_PP.jpg,423,49,1805,1431
20060530_55628_0100_PP.jpg,806,705,/home/synrg/Documents/Sohrab/optic-disk-localization/dataset/Base14/20060530_55628_0100_PP.jpg,421,48,1805,1432
20060530_55724_0100_PP.jpg,1501,780,/home/synrg/Documents/Sohrab/optic-disk-localization/dataset/Base14/20060530_55724_0100_PP.jpg,425,57,1805,1440
20060530_55746_0100_PP.jpg,810,740,/home/synrg/Documents/Sohrab/optic-disk-localization/dataset/Base14/20060530_55746_0100_PP.jpg,424,59,1805,1439
20060530_55816_0100_PP.jpg,1655,789,/home/synrg/Documents/Sohrab/optic-disk-localization/dataset/Base14/20060530_55816_0100_PP.jpg,424,51,1804,1430
20060530_55837_0100_PP.jpg,797,665,/home/synrg/Documents/Sohrab/optic-disk-localization/dataset/Base14/20060530_55837_0100_PP.jpg,423,50,1804,1431
